index,author1_id,author1_name,author1_nachname,author1_vorname,author1_funktion,author1_institut,author2_id,publication_id
1,16,Stratmann,Stratmann,Jörg,"Professor, Leiter des Kompetenzzentrums Medien",Erziehungswissenschaft,10,7
2,10,Mueller,Müller,Wolfgang,Prorektor für Forschung,Mediendidaktik,16,7
3,10,Mueller,Müller,Wolfgang,Prorektor für Forschung,Mediendidaktik,14,30
4,14,lukas,Lukas,Sarah,Junior-Professorin,Pädagogische Psychologie,10,30
5,10,Mueller,Müller,Wolfgang,Prorektor für Forschung,Mediendidaktik,14,32
6,10,Mueller,Müller,Wolfgang,Prorektor für Forschung,Mediendidaktik,16,32
7,14,lukas,Lukas,Sarah,Junior-Professorin,Pädagogische Psychologie,10,32
8,14,lukas,Lukas,Sarah,Junior-Professorin,Pädagogische Psychologie,16,32
9,16,Stratmann,Stratmann,Jörg,"Professor, Leiter des Kompetenzzentrums Medien",Erziehungswissenschaft,10,32
10,16,Stratmann,Stratmann,Jörg,"Professor, Leiter des Kompetenzzentrums Medien",Erziehungswissenschaft,14,32
11,10,Mueller,Müller,Wolfgang,Prorektor für Forschung,Mediendidaktik,14,34
12,10,Mueller,Müller,Wolfgang,Prorektor für Forschung,Mediendidaktik,16,34
13,10,Mueller,Müller,Wolfgang,Prorektor für Forschung,Mediendidaktik,44,34
14,10,Mueller,Müller,Wolfgang,Prorektor für Forschung,Mediendidaktik,26,34
15,14,lukas,Lukas,Sarah,Junior-Professorin,Pädagogische Psychologie,10,34
16,14,lukas,Lukas,Sarah,Junior-Professorin,Pädagogische Psychologie,16,34
17,14,lukas,Lukas,Sarah,Junior-Professorin,Pädagogische Psychologie,44,34
18,14,lukas,Lukas,Sarah,Junior-Professorin,Pädagogische Psychologie,26,34
19,16,Stratmann,Stratmann,Jörg,"Professor, Leiter des Kompetenzzentrums Medien",Erziehungswissenschaft,10,34
20,16,Stratmann,Stratmann,Jörg,"Professor, Leiter des Kompetenzzentrums Medien",Erziehungswissenschaft,14,34
21,16,Stratmann,Stratmann,Jörg,"Professor, Leiter des Kompetenzzentrums Medien",Erziehungswissenschaft,44,34
22,16,Stratmann,Stratmann,Jörg,"Professor, Leiter des Kompetenzzentrums Medien",Erziehungswissenschaft,26,34
23,44,KOPPEL,Koppel,Ilka,Juniorprofessorin,Erziehungswissenschaft,10,34
24,44,KOPPEL,Koppel,Ilka,Juniorprofessorin,Erziehungswissenschaft,14,34
25,44,KOPPEL,Koppel,Ilka,Juniorprofessorin,Erziehungswissenschaft,16,34
26,44,KOPPEL,Koppel,Ilka,Juniorprofessorin,Erziehungswissenschaft,26,34
27,26,HUWER,Huwer,Johannes,Professor,Chemie,10,34
28,26,HUWER,Huwer,Johannes,Professor,Chemie,14,34
29,26,HUWER,Huwer,Johannes,Professor,Chemie,16,34
30,26,HUWER,Huwer,Johannes,Professor,Chemie,44,34
31,10,Mueller,Müller,Wolfgang,Prorektor für Forschung,Mediendidaktik,27,37
32,27,BRAVOGRANSTROEM,Bravo Granström,Monica,Geschäftsführerin der AWW,Akademie für wissenschaftliche Weiterbildung,10,37
33,10,Mueller,Müller,Wolfgang,Prorektor für Forschung,Mediendidaktik,16,39
34,16,Stratmann,Stratmann,Jörg,"Professor, Leiter des Kompetenzzentrums Medien",Erziehungswissenschaft,10,39
35,15,Lang-Wojtasik,Lang-Wojtasik,Gregor,Direktor des ZeBiP/Studiendekan der Fakultät I,Erziehungswissenschaft,40,760
36,40,BERGMUELLER-HAUPTM1,Bergmüller-Hauptmann,Claudia,Professorin,Erziehungswissenschaft,15,760
37,15,Lang-Wojtasik,Lang-Wojtasik,Gregor,Direktor des ZeBiP/Studiendekan der Fakultät I,Erziehungswissenschaft,40,759
38,40,BERGMUELLER-HAUPTM1,Bergmüller-Hauptmann,Claudia,Professorin,Erziehungswissenschaft,15,759
39,36,KOENIG1,König,Stefan,Professor Sportwissenschaft,Sportwissenschaft,10,398
40,10,Mueller,Müller,Wolfgang,Prorektor für Forschung,Mediendidaktik,36,398
41,16,Stratmann,Stratmann,Jörg,"Professor, Leiter des Kompetenzzentrums Medien",Erziehungswissenschaft,16,49
42,16,Stratmann,Stratmann,Jörg,"Professor, Leiter des Kompetenzzentrums Medien",Erziehungswissenschaft,10,49
43,10,Mueller,Müller,Wolfgang,Prorektor für Forschung,Mediendidaktik,16,49
44,10,Mueller,Müller,Wolfgang,Prorektor für Forschung,Mediendidaktik,16,63
45,16,Stratmann,Stratmann,Jörg,"Professor, Leiter des Kompetenzzentrums Medien",Erziehungswissenschaft,10,63
46,10,Mueller,Müller,Wolfgang,Prorektor für Forschung,Mediendidaktik,16,67
47,16,Stratmann,Stratmann,Jörg,"Professor, Leiter des Kompetenzzentrums Medien",Erziehungswissenschaft,10,67
48,10,Mueller,Müller,Wolfgang,Prorektor für Forschung,Mediendidaktik,10,86
49,10,Mueller,Müller,Wolfgang,Prorektor für Forschung,Mediendidaktik,10,87
50,72,HENNINGER,Henninger,Michael,"Studiengangsleiter, Professor",Mediendidaktik,53,1835
51,72,HENNINGER,Henninger,Michael,"Studiengangsleiter, Professor",Mediendidaktik,15,1835
52,72,HENNINGER,Henninger,Michael,"Studiengangsleiter, Professor",Mediendidaktik,36,1835
53,53,FISCHER1,Fischer,Julia,abgeordnete Lehrerin/akademische Mitarbeiterin,Deutsch mit Sprecherziehung,72,1835
54,53,FISCHER1,Fischer,Julia,abgeordnete Lehrerin/akademische Mitarbeiterin,Deutsch mit Sprecherziehung,15,1835
55,53,FISCHER1,Fischer,Julia,abgeordnete Lehrerin/akademische Mitarbeiterin,Deutsch mit Sprecherziehung,36,1835
56,15,Lang-Wojtasik,Lang-Wojtasik,Gregor,Direktor des ZeBiP/Studiendekan der Fakultät I,Erziehungswissenschaft,72,1835
57,15,Lang-Wojtasik,Lang-Wojtasik,Gregor,Direktor des ZeBiP/Studiendekan der Fakultät I,Erziehungswissenschaft,53,1835
58,15,Lang-Wojtasik,Lang-Wojtasik,Gregor,Direktor des ZeBiP/Studiendekan der Fakultät I,Erziehungswissenschaft,36,1835
59,36,KOENIG1,König,Stefan,Professor Sportwissenschaft,Sportwissenschaft,72,1835
60,36,KOENIG1,König,Stefan,Professor Sportwissenschaft,Sportwissenschaft,53,1835
61,36,KOENIG1,König,Stefan,Professor Sportwissenschaft,Sportwissenschaft,15,1835
62,36,KOENIG1,König,Stefan,Professor Sportwissenschaft,Sportwissenschaft,15,415
63,15,Lang-Wojtasik,Lang-Wojtasik,Gregor,Direktor des ZeBiP/Studiendekan der Fakultät I,Erziehungswissenschaft,36,415
64,15,Lang-Wojtasik,Lang-Wojtasik,Gregor,Direktor des ZeBiP/Studiendekan der Fakultät I,Erziehungswissenschaft,36,165
65,36,KOENIG1,König,Stefan,Professor Sportwissenschaft,Sportwissenschaft,15,165
66,15,Lang-Wojtasik,Lang-Wojtasik,Gregor,Direktor des ZeBiP/Studiendekan der Fakultät I,Erziehungswissenschaft,16,169
67,16,Stratmann,Stratmann,Jörg,"Professor, Leiter des Kompetenzzentrums Medien",Erziehungswissenschaft,15,169
68,15,Lang-Wojtasik,Lang-Wojtasik,Gregor,Direktor des ZeBiP/Studiendekan der Fakultät I,Erziehungswissenschaft,36,170
69,36,KOENIG1,König,Stefan,Professor Sportwissenschaft,Sportwissenschaft,15,170
70,15,Lang-Wojtasik,Lang-Wojtasik,Gregor,Direktor des ZeBiP/Studiendekan der Fakultät I,Erziehungswissenschaft,40,184
71,40,BERGMUELLER-HAUPTM1,Bergmüller-Hauptmann,Claudia,Professorin,Erziehungswissenschaft,15,184
72,15,Lang-Wojtasik,Lang-Wojtasik,Gregor,Direktor des ZeBiP/Studiendekan der Fakultät I,Erziehungswissenschaft,16,188
73,16,Stratmann,Stratmann,Jörg,"Professor, Leiter des Kompetenzzentrums Medien",Erziehungswissenschaft,15,188
74,15,Lang-Wojtasik,Lang-Wojtasik,Gregor,Direktor des ZeBiP/Studiendekan der Fakultät I,Erziehungswissenschaft,40,763
75,40,BERGMUELLER-HAUPTM1,Bergmüller-Hauptmann,Claudia,Professorin,Erziehungswissenschaft,15,763
76,15,Lang-Wojtasik,Lang-Wojtasik,Gregor,Direktor des ZeBiP/Studiendekan der Fakultät I,Erziehungswissenschaft,15,200
77,15,Lang-Wojtasik,Lang-Wojtasik,Gregor,Direktor des ZeBiP/Studiendekan der Fakultät I,Erziehungswissenschaft,36,200
78,36,KOENIG1,König,Stefan,Professor Sportwissenschaft,Sportwissenschaft,15,200
79,15,Lang-Wojtasik,Lang-Wojtasik,Gregor,Direktor des ZeBiP/Studiendekan der Fakultät I,Erziehungswissenschaft,15,202
80,15,Lang-Wojtasik,Lang-Wojtasik,Gregor,Direktor des ZeBiP/Studiendekan der Fakultät I,Erziehungswissenschaft,15,203
81,15,Lang-Wojtasik,Lang-Wojtasik,Gregor,Direktor des ZeBiP/Studiendekan der Fakultät I,Erziehungswissenschaft,15,204
82,15,Lang-Wojtasik,Lang-Wojtasik,Gregor,Direktor des ZeBiP/Studiendekan der Fakultät I,Erziehungswissenschaft,15,213
83,15,Lang-Wojtasik,Lang-Wojtasik,Gregor,Direktor des ZeBiP/Studiendekan der Fakultät I,Erziehungswissenschaft,36,213
84,36,KOENIG1,König,Stefan,Professor Sportwissenschaft,Sportwissenschaft,15,213
85,15,Lang-Wojtasik,Lang-Wojtasik,Gregor,Direktor des ZeBiP/Studiendekan der Fakultät I,Erziehungswissenschaft,15,216
86,15,Lang-Wojtasik,Lang-Wojtasik,Gregor,Direktor des ZeBiP/Studiendekan der Fakultät I,Erziehungswissenschaft,15,217
87,15,Lang-Wojtasik,Lang-Wojtasik,Gregor,Direktor des ZeBiP/Studiendekan der Fakultät I,Erziehungswissenschaft,15,218
88,15,Lang-Wojtasik,Lang-Wojtasik,Gregor,Direktor des ZeBiP/Studiendekan der Fakultät I,Erziehungswissenschaft,15,219
89,15,Lang-Wojtasik,Lang-Wojtasik,Gregor,Direktor des ZeBiP/Studiendekan der Fakultät I,Erziehungswissenschaft,15,220
90,15,Lang-Wojtasik,Lang-Wojtasik,Gregor,Direktor des ZeBiP/Studiendekan der Fakultät I,Erziehungswissenschaft,15,221
91,15,Lang-Wojtasik,Lang-Wojtasik,Gregor,Direktor des ZeBiP/Studiendekan der Fakultät I,Erziehungswissenschaft,15,222
92,15,Lang-Wojtasik,Lang-Wojtasik,Gregor,Direktor des ZeBiP/Studiendekan der Fakultät I,Erziehungswissenschaft,15,223
93,15,Lang-Wojtasik,Lang-Wojtasik,Gregor,Direktor des ZeBiP/Studiendekan der Fakultät I,Erziehungswissenschaft,15,224
94,15,Lang-Wojtasik,Lang-Wojtasik,Gregor,Direktor des ZeBiP/Studiendekan der Fakultät I,Erziehungswissenschaft,15,225
95,15,Lang-Wojtasik,Lang-Wojtasik,Gregor,Direktor des ZeBiP/Studiendekan der Fakultät I,Erziehungswissenschaft,15,226
96,16,Stratmann,Stratmann,Jörg,"Professor, Leiter des Kompetenzzentrums Medien",Erziehungswissenschaft,16,227
97,16,Stratmann,Stratmann,Jörg,"Professor, Leiter des Kompetenzzentrums Medien",Erziehungswissenschaft,15,227
98,15,Lang-Wojtasik,Lang-Wojtasik,Gregor,Direktor des ZeBiP/Studiendekan der Fakultät I,Erziehungswissenschaft,16,227
99,15,Lang-Wojtasik,Lang-Wojtasik,Gregor,Direktor des ZeBiP/Studiendekan der Fakultät I,Erziehungswissenschaft,15,227
100,15,Lang-Wojtasik,Lang-Wojtasik,Gregor,Direktor des ZeBiP/Studiendekan der Fakultät I,Erziehungswissenschaft,15,228
101,15,Lang-Wojtasik,Lang-Wojtasik,Gregor,Direktor des ZeBiP/Studiendekan der Fakultät I,Erziehungswissenschaft,16,228
102,16,Stratmann,Stratmann,Jörg,"Professor, Leiter des Kompetenzzentrums Medien",Erziehungswissenschaft,15,228
103,15,Lang-Wojtasik,Lang-Wojtasik,Gregor,Direktor des ZeBiP/Studiendekan der Fakultät I,Erziehungswissenschaft,15,229
104,15,Lang-Wojtasik,Lang-Wojtasik,Gregor,Direktor des ZeBiP/Studiendekan der Fakultät I,Erziehungswissenschaft,16,229
105,16,Stratmann,Stratmann,Jörg,"Professor, Leiter des Kompetenzzentrums Medien",Erziehungswissenschaft,15,229
106,15,Lang-Wojtasik,Lang-Wojtasik,Gregor,Direktor des ZeBiP/Studiendekan der Fakultät I,Erziehungswissenschaft,15,231
107,15,Lang-Wojtasik,Lang-Wojtasik,Gregor,Direktor des ZeBiP/Studiendekan der Fakultät I,Erziehungswissenschaft,36,231
108,36,KOENIG1,König,Stefan,Professor Sportwissenschaft,Sportwissenschaft,15,231
109,36,KOENIG1,König,Stefan,Professor Sportwissenschaft,Sportwissenschaft,36,231
110,15,Lang-Wojtasik,Lang-Wojtasik,Gregor,Direktor des ZeBiP/Studiendekan der Fakultät I,Erziehungswissenschaft,15,237
111,15,Lang-Wojtasik,Lang-Wojtasik,Gregor,Direktor des ZeBiP/Studiendekan der Fakultät I,Erziehungswissenschaft,15,238
112,15,Lang-Wojtasik,Lang-Wojtasik,Gregor,Direktor des ZeBiP/Studiendekan der Fakultät I,Erziehungswissenschaft,15,239
113,15,Lang-Wojtasik,Lang-Wojtasik,Gregor,Direktor des ZeBiP/Studiendekan der Fakultät I,Erziehungswissenschaft,15,241
114,15,Lang-Wojtasik,Lang-Wojtasik,Gregor,Direktor des ZeBiP/Studiendekan der Fakultät I,Erziehungswissenschaft,15,242
115,15,Lang-Wojtasik,Lang-Wojtasik,Gregor,Direktor des ZeBiP/Studiendekan der Fakultät I,Erziehungswissenschaft,15,243
116,15,Lang-Wojtasik,Lang-Wojtasik,Gregor,Direktor des ZeBiP/Studiendekan der Fakultät I,Erziehungswissenschaft,40,251
117,40,BERGMUELLER-HAUPTM1,Bergmüller-Hauptmann,Claudia,Professorin,Erziehungswissenschaft,15,251
118,15,Lang-Wojtasik,Lang-Wojtasik,Gregor,Direktor des ZeBiP/Studiendekan der Fakultät I,Erziehungswissenschaft,15,254
119,38,SCHIEFERDECKER,Schieferdecker,Ralf,Akademischer Rat,Erziehungswissenschaft,15,259
120,38,SCHIEFERDECKER,Schieferdecker,Ralf,Akademischer Rat,Erziehungswissenschaft,38,259
121,15,Lang-Wojtasik,Lang-Wojtasik,Gregor,Direktor des ZeBiP/Studiendekan der Fakultät I,Erziehungswissenschaft,38,259
122,15,Lang-Wojtasik,Lang-Wojtasik,Gregor,Direktor des ZeBiP/Studiendekan der Fakultät I,Erziehungswissenschaft,15,259
123,15,Lang-Wojtasik,Lang-Wojtasik,Gregor,Direktor des ZeBiP/Studiendekan der Fakultät I,Erziehungswissenschaft,15,260
124,15,Lang-Wojtasik,Lang-Wojtasik,Gregor,Direktor des ZeBiP/Studiendekan der Fakultät I,Erziehungswissenschaft,15,261
125,27,BRAVOGRANSTROEM,Bravo Granström,Monica,Geschäftsführerin der AWW,Akademie für wissenschaftliche Weiterbildung,10,269
126,27,BRAVOGRANSTROEM,Bravo Granström,Monica,Geschäftsführerin der AWW,Akademie für wissenschaftliche Weiterbildung,16,269
127,10,Mueller,Müller,Wolfgang,Prorektor für Forschung,Mediendidaktik,27,269
128,10,Mueller,Müller,Wolfgang,Prorektor für Forschung,Mediendidaktik,16,269
129,16,Stratmann,Stratmann,Jörg,"Professor, Leiter des Kompetenzzentrums Medien",Erziehungswissenschaft,27,269
130,16,Stratmann,Stratmann,Jörg,"Professor, Leiter des Kompetenzzentrums Medien",Erziehungswissenschaft,10,269
131,26,HUWER,Huwer,Johannes,Professor,Chemie,26,282
132,26,HUWER,Huwer,Johannes,Professor,Chemie,26,305
133,26,HUWER,Huwer,Johannes,Professor,Chemie,26,306
134,26,HUWER,Huwer,Johannes,Professor,Chemie,26,307
135,26,HUWER,Huwer,Johannes,Professor,Chemie,26,308
136,26,HUWER,Huwer,Johannes,Professor,Chemie,26,310
137,26,HUWER,Huwer,Johannes,Professor,Chemie,26,311
138,26,HUWER,Huwer,Johannes,Professor,Chemie,26,312
139,14,lukas,Lukas,Sarah,Junior-Professorin,Pädagogische Psychologie,2,1020
140,2,Kaiser,Kaiser,Tim,Forschungsreferent,"Sonstiges, nicht gelistetes Institut",14,1020
141,36,KOENIG1,König,Stefan,Professor Sportwissenschaft,Sportwissenschaft,39,616
142,39,WEYERMANN,Uhl,Elke,Wissenschaftliche Mitarbeiterin und Doktorandin,Sportwissenschaft,36,616
143,36,KOENIG1,König,Stefan,Professor Sportwissenschaft,Sportwissenschaft,36,382
144,36,KOENIG1,König,Stefan,Professor Sportwissenschaft,Sportwissenschaft,15,388
145,36,KOENIG1,König,Stefan,Professor Sportwissenschaft,Sportwissenschaft,36,388
146,15,Lang-Wojtasik,Lang-Wojtasik,Gregor,Direktor des ZeBiP/Studiendekan der Fakultät I,Erziehungswissenschaft,36,388
147,36,KOENIG1,König,Stefan,Professor Sportwissenschaft,Sportwissenschaft,36,394
148,36,KOENIG1,König,Stefan,Professor Sportwissenschaft,Sportwissenschaft,36,752
149,15,Lang-Wojtasik,Lang-Wojtasik,Gregor,Direktor des ZeBiP/Studiendekan der Fakultät I,Erziehungswissenschaft,36,396
150,36,KOENIG1,König,Stefan,Professor Sportwissenschaft,Sportwissenschaft,15,396
151,36,KOENIG1,König,Stefan,Professor Sportwissenschaft,Sportwissenschaft,10,397
152,10,Mueller,Müller,Wolfgang,Prorektor für Forschung,Mediendidaktik,36,397
153,36,KOENIG1,König,Stefan,Professor Sportwissenschaft,Sportwissenschaft,39,617
154,39,WEYERMANN,Uhl,Elke,Wissenschaftliche Mitarbeiterin und Doktorandin,Sportwissenschaft,36,617
155,36,KOENIG1,König,Stefan,Professor Sportwissenschaft,Sportwissenschaft,15,401
156,36,KOENIG1,König,Stefan,Professor Sportwissenschaft,Sportwissenschaft,36,401
157,15,Lang-Wojtasik,Lang-Wojtasik,Gregor,Direktor des ZeBiP/Studiendekan der Fakultät I,Erziehungswissenschaft,36,401
158,15,Lang-Wojtasik,Lang-Wojtasik,Gregor,Direktor des ZeBiP/Studiendekan der Fakultät I,Erziehungswissenschaft,15,401
159,36,KOENIG1,König,Stefan,Professor Sportwissenschaft,Sportwissenschaft,36,403
160,36,KOENIG1,König,Stefan,Professor Sportwissenschaft,Sportwissenschaft,15,403
161,15,Lang-Wojtasik,Lang-Wojtasik,Gregor,Direktor des ZeBiP/Studiendekan der Fakultät I,Erziehungswissenschaft,36,403
162,15,Lang-Wojtasik,Lang-Wojtasik,Gregor,Direktor des ZeBiP/Studiendekan der Fakultät I,Erziehungswissenschaft,15,407
163,15,Lang-Wojtasik,Lang-Wojtasik,Gregor,Direktor des ZeBiP/Studiendekan der Fakultät I,Erziehungswissenschaft,36,407
164,36,KOENIG1,König,Stefan,Professor Sportwissenschaft,Sportwissenschaft,15,407
165,36,KOENIG1,König,Stefan,Professor Sportwissenschaft,Sportwissenschaft,36,407
166,15,Lang-Wojtasik,Lang-Wojtasik,Gregor,Direktor des ZeBiP/Studiendekan der Fakultät I,Erziehungswissenschaft,16,419
167,16,Stratmann,Stratmann,Jörg,"Professor, Leiter des Kompetenzzentrums Medien",Erziehungswissenschaft,15,419
168,16,Stratmann,Stratmann,Jörg,"Professor, Leiter des Kompetenzzentrums Medien",Erziehungswissenschaft,16,428
169,16,Stratmann,Stratmann,Jörg,"Professor, Leiter des Kompetenzzentrums Medien",Erziehungswissenschaft,16,435
170,16,Stratmann,Stratmann,Jörg,"Professor, Leiter des Kompetenzzentrums Medien",Erziehungswissenschaft,16,436
171,16,Stratmann,Stratmann,Jörg,"Professor, Leiter des Kompetenzzentrums Medien",Erziehungswissenschaft,16,452
172,29,SCHLACHTER,Schlachter,Birgit,,Deutsch mit Sprecherziehung,29,525
173,15,Lang-Wojtasik,Lang-Wojtasik,Gregor,Direktor des ZeBiP/Studiendekan der Fakultät I,Erziehungswissenschaft,38,614
174,38,SCHIEFERDECKER,Schieferdecker,Ralf,Akademischer Rat,Erziehungswissenschaft,15,614
175,15,Lang-Wojtasik,Lang-Wojtasik,Gregor,Direktor des ZeBiP/Studiendekan der Fakultät I,Erziehungswissenschaft,16,749
176,16,Stratmann,Stratmann,Jörg,"Professor, Leiter des Kompetenzzentrums Medien",Erziehungswissenschaft,15,749
177,39,WEYERMANN,Uhl,Elke,Wissenschaftliche Mitarbeiterin und Doktorandin,Sportwissenschaft,36,615
178,36,KOENIG1,König,Stefan,Professor Sportwissenschaft,Sportwissenschaft,39,615
179,39,WEYERMANN,Uhl,Elke,Wissenschaftliche Mitarbeiterin und Doktorandin,Sportwissenschaft,36,618
180,36,KOENIG1,König,Stefan,Professor Sportwissenschaft,Sportwissenschaft,39,618
181,38,SCHIEFERDECKER,Schieferdecker,Ralf,Akademischer Rat,Erziehungswissenschaft,15,620
182,15,Lang-Wojtasik,Lang-Wojtasik,Gregor,Direktor des ZeBiP/Studiendekan der Fakultät I,Erziehungswissenschaft,38,620
183,44,KOPPEL,Koppel,Ilka,Juniorprofessorin,Erziehungswissenschaft,38,621
184,44,KOPPEL,Koppel,Ilka,Juniorprofessorin,Erziehungswissenschaft,15,621
185,38,SCHIEFERDECKER,Schieferdecker,Ralf,Akademischer Rat,Erziehungswissenschaft,44,621
186,38,SCHIEFERDECKER,Schieferdecker,Ralf,Akademischer Rat,Erziehungswissenschaft,15,621
187,15,Lang-Wojtasik,Lang-Wojtasik,Gregor,Direktor des ZeBiP/Studiendekan der Fakultät I,Erziehungswissenschaft,44,621
188,15,Lang-Wojtasik,Lang-Wojtasik,Gregor,Direktor des ZeBiP/Studiendekan der Fakultät I,Erziehungswissenschaft,38,621
189,38,SCHIEFERDECKER,Schieferdecker,Ralf,Akademischer Rat,Erziehungswissenschaft,15,626
190,15,Lang-Wojtasik,Lang-Wojtasik,Gregor,Direktor des ZeBiP/Studiendekan der Fakultät I,Erziehungswissenschaft,38,626
191,38,SCHIEFERDECKER,Schieferdecker,Ralf,Akademischer Rat,Erziehungswissenschaft,15,627
192,38,SCHIEFERDECKER,Schieferdecker,Ralf,Akademischer Rat,Erziehungswissenschaft,16,627
193,15,Lang-Wojtasik,Lang-Wojtasik,Gregor,Direktor des ZeBiP/Studiendekan der Fakultät I,Erziehungswissenschaft,38,627
194,15,Lang-Wojtasik,Lang-Wojtasik,Gregor,Direktor des ZeBiP/Studiendekan der Fakultät I,Erziehungswissenschaft,15,627
195,15,Lang-Wojtasik,Lang-Wojtasik,Gregor,Direktor des ZeBiP/Studiendekan der Fakultät I,Erziehungswissenschaft,16,627
196,16,Stratmann,Stratmann,Jörg,"Professor, Leiter des Kompetenzzentrums Medien",Erziehungswissenschaft,38,627
197,16,Stratmann,Stratmann,Jörg,"Professor, Leiter des Kompetenzzentrums Medien",Erziehungswissenschaft,15,627
198,38,SCHIEFERDECKER,Schieferdecker,Ralf,Akademischer Rat,Erziehungswissenschaft,15,628
199,38,SCHIEFERDECKER,Schieferdecker,Ralf,Akademischer Rat,Erziehungswissenschaft,16,628
200,15,Lang-Wojtasik,Lang-Wojtasik,Gregor,Direktor des ZeBiP/Studiendekan der Fakultät I,Erziehungswissenschaft,38,628
201,15,Lang-Wojtasik,Lang-Wojtasik,Gregor,Direktor des ZeBiP/Studiendekan der Fakultät I,Erziehungswissenschaft,16,628
202,16,Stratmann,Stratmann,Jörg,"Professor, Leiter des Kompetenzzentrums Medien",Erziehungswissenschaft,38,628
203,16,Stratmann,Stratmann,Jörg,"Professor, Leiter des Kompetenzzentrums Medien",Erziehungswissenschaft,15,628
204,38,SCHIEFERDECKER,Schieferdecker,Ralf,Akademischer Rat,Erziehungswissenschaft,15,631
205,15,Lang-Wojtasik,Lang-Wojtasik,Gregor,Direktor des ZeBiP/Studiendekan der Fakultät I,Erziehungswissenschaft,38,631
206,38,SCHIEFERDECKER,Schieferdecker,Ralf,Akademischer Rat,Erziehungswissenschaft,15,650
207,15,Lang-Wojtasik,Lang-Wojtasik,Gregor,Direktor des ZeBiP/Studiendekan der Fakultät I,Erziehungswissenschaft,38,650
208,44,KOPPEL,Koppel,Ilka,Juniorprofessorin,Erziehungswissenschaft,44,695
209,43,REHM,Rehm,Martin,Transfermanager,Erziehungswissenschaft,43,704
210,43,REHM,Rehm,Martin,Transfermanager,Erziehungswissenschaft,43,705
211,40,BERGMUELLER-HAUPTM1,Bergmüller-Hauptmann,Claudia,Professorin,Erziehungswissenschaft,15,764
212,15,Lang-Wojtasik,Lang-Wojtasik,Gregor,Direktor des ZeBiP/Studiendekan der Fakultät I,Erziehungswissenschaft,40,764
213,40,BERGMUELLER-HAUPTM1,Bergmüller-Hauptmann,Claudia,Professorin,Erziehungswissenschaft,15,765
214,15,Lang-Wojtasik,Lang-Wojtasik,Gregor,Direktor des ZeBiP/Studiendekan der Fakultät I,Erziehungswissenschaft,40,765
215,15,Lang-Wojtasik,Lang-Wojtasik,Gregor,Direktor des ZeBiP/Studiendekan der Fakultät I,Erziehungswissenschaft,40,774
216,40,BERGMUELLER-HAUPTM1,Bergmüller-Hauptmann,Claudia,Professorin,Erziehungswissenschaft,15,774
217,15,Lang-Wojtasik,Lang-Wojtasik,Gregor,Direktor des ZeBiP/Studiendekan der Fakultät I,Erziehungswissenschaft,40,775
218,40,BERGMUELLER-HAUPTM1,Bergmüller-Hauptmann,Claudia,Professorin,Erziehungswissenschaft,15,775
219,40,BERGMUELLER-HAUPTM1,Bergmüller-Hauptmann,Claudia,Professorin,Erziehungswissenschaft,15,779
220,15,Lang-Wojtasik,Lang-Wojtasik,Gregor,Direktor des ZeBiP/Studiendekan der Fakultät I,Erziehungswissenschaft,40,779
221,15,Lang-Wojtasik,Lang-Wojtasik,Gregor,Direktor des ZeBiP/Studiendekan der Fakultät I,Erziehungswissenschaft,38,798
222,38,SCHIEFERDECKER,Schieferdecker,Ralf,Akademischer Rat,Erziehungswissenschaft,15,798
223,42,THOMAS,Thomas,Philipp,Professor für Philosophie/Ethik,Philosophie / Ethik,42,880
224,42,THOMAS,Thomas,Philipp,Professor für Philosophie/Ethik,Philosophie / Ethik,42,882
225,42,THOMAS,Thomas,Philipp,Professor für Philosophie/Ethik,Philosophie / Ethik,42,883
226,42,THOMAS,Thomas,Philipp,Professor für Philosophie/Ethik,Philosophie / Ethik,42,898
227,42,THOMAS,Thomas,Philipp,Professor für Philosophie/Ethik,Philosophie / Ethik,42,905
228,40,BERGMUELLER-HAUPTM1,Bergmüller-Hauptmann,Claudia,Professorin,Erziehungswissenschaft,40,961
229,40,BERGMUELLER-HAUPTM1,Bergmüller-Hauptmann,Claudia,Professorin,Erziehungswissenschaft,40,962
230,15,Lang-Wojtasik,Lang-Wojtasik,Gregor,Direktor des ZeBiP/Studiendekan der Fakultät I,Erziehungswissenschaft,40,968
231,15,Lang-Wojtasik,Lang-Wojtasik,Gregor,Direktor des ZeBiP/Studiendekan der Fakultät I,Erziehungswissenschaft,15,968
232,40,BERGMUELLER-HAUPTM1,Bergmüller-Hauptmann,Claudia,Professorin,Erziehungswissenschaft,15,968
233,55,LOEFFLER,Löffler,Cordula,Professorin,Deutsch mit Sprecherziehung,55,976
234,55,LOEFFLER,Löffler,Cordula,Professorin,Deutsch mit Sprecherziehung,55,981
235,55,LOEFFLER,Löffler,Cordula,Professorin,Deutsch mit Sprecherziehung,55,991
236,55,LOEFFLER,Löffler,Cordula,Professorin,Deutsch mit Sprecherziehung,55,999
237,55,LOEFFLER,Löffler,Cordula,Professorin,Deutsch mit Sprecherziehung,25,1002
238,25,ALBEDYHLL,Albedyhll,Laura,"Akademische Mitarbeiterin, Doktorandin",Deutsch mit Sprecherziehung,55,1002
239,55,LOEFFLER,Löffler,Cordula,Professorin,Deutsch mit Sprecherziehung,55,1003
240,82,JANSSEN,Janssen,Markus,,Erziehungswissenschaft,50,1325
241,50,WIEDENHORN,Wiedenhorn,Thomas,akademischer Mitarbeiter,Erziehungswissenschaft,82,1325
242,58,ZACHENBACHER,Zachenbacher,Denis,,Geographie,52,1026
243,52,SCHWAB,Schwab,Andreas,,Geographie,58,1026
244,45,MASSLER,Massler,Ute,Professorin,Englisch,46,1061
245,46,THEINERT,Theinert,Kerstin,akademische Oberrätin,Englisch,45,1061
246,69,SINDERMANN,Sindermann,Paul,"Akademischer Mitarbeiter, Doktorand",Mediendidaktik,72,1063
247,72,HENNINGER,Henninger,Michael,"Studiengangsleiter, Professor",Mediendidaktik,69,1063
248,72,HENNINGER,Henninger,Michael,"Studiengangsleiter, Professor",Mediendidaktik,69,1064
249,72,HENNINGER,Henninger,Michael,"Studiengangsleiter, Professor",Mediendidaktik,72,1064
250,69,SINDERMANN,Sindermann,Paul,"Akademischer Mitarbeiter, Doktorand",Mediendidaktik,72,1064
251,69,SINDERMANN,Sindermann,Paul,"Akademischer Mitarbeiter, Doktorand",Mediendidaktik,72,1065
252,72,HENNINGER,Henninger,Michael,"Studiengangsleiter, Professor",Mediendidaktik,69,1065
253,72,HENNINGER,Henninger,Michael,"Studiengangsleiter, Professor",Mediendidaktik,72,1065
254,69,SINDERMANN,Sindermann,Paul,"Akademischer Mitarbeiter, Doktorand",Mediendidaktik,72,1066
255,72,HENNINGER,Henninger,Michael,"Studiengangsleiter, Professor",Mediendidaktik,69,1066
256,69,SINDERMANN,Sindermann,Paul,"Akademischer Mitarbeiter, Doktorand",Mediendidaktik,72,1068
257,72,HENNINGER,Henninger,Michael,"Studiengangsleiter, Professor",Mediendidaktik,69,1068
258,69,SINDERMANN,Sindermann,Paul,"Akademischer Mitarbeiter, Doktorand",Mediendidaktik,72,1072
259,72,HENNINGER,Henninger,Michael,"Studiengangsleiter, Professor",Mediendidaktik,69,1072
260,63,SECHTIG,Sechtig,Jutta,Akademische Oberrätin,Erziehungswissenschaft,54,1070
261,54,KNOER,Knör,Emely,Akademische Mitarbeiterin ,Erziehungswissenschaft,63,1070
262,30,HUHMANN1,Huhmann,Tobias,Professor / Zentrumsdirektor Forschungszentrum,Mathematik,67,1255
263,67,VIETZ,Vietz,Sabine,wissenschafltiche Mitarbeiterin IfB Mathematik,Mathematik,30,1255
264,10,Mueller,Müller,Wolfgang,Prorektor für Forschung,Mediendidaktik,72,1087
265,72,HENNINGER,Henninger,Michael,"Studiengangsleiter, Professor",Mediendidaktik,10,1087
266,72,HENNINGER,Henninger,Michael,"Studiengangsleiter, Professor",Mediendidaktik,55,1100
267,55,LOEFFLER,Löffler,Cordula,Professorin,Deutsch mit Sprecherziehung,72,1100
268,45,MASSLER,Massler,Ute,Professorin,Englisch,10,1115
269,10,Mueller,Müller,Wolfgang,Prorektor für Forschung,Mediendidaktik,45,1115
270,45,MASSLER,Massler,Ute,Professorin,Englisch,10,1117
271,10,Mueller,Müller,Wolfgang,Prorektor für Forschung,Mediendidaktik,45,1117
272,45,MASSLER,Massler,Ute,Professorin,Englisch,45,1119
273,45,MASSLER,Massler,Ute,Professorin,Englisch,45,1120
274,45,MASSLER,Massler,Ute,Professorin,Englisch,45,1121
275,45,MASSLER,Massler,Ute,Professorin,Englisch,46,1122
276,45,MASSLER,Massler,Ute,Professorin,Englisch,45,1122
277,46,THEINERT,Theinert,Kerstin,akademische Oberrätin,Englisch,45,1122
278,45,MASSLER,Massler,Ute,Professorin,Englisch,45,1123
279,45,MASSLER,Massler,Ute,Professorin,Englisch,45,1124
280,45,MASSLER,Massler,Ute,Professorin,Englisch,46,1125
281,46,THEINERT,Theinert,Kerstin,akademische Oberrätin,Englisch,45,1125
282,45,MASSLER,Massler,Ute,Professorin,Englisch,45,1126
283,45,MASSLER,Massler,Ute,Professorin,Englisch,45,1127
284,45,MASSLER,Massler,Ute,Professorin,Englisch,46,1128
285,45,MASSLER,Massler,Ute,Professorin,Englisch,45,1128
286,46,THEINERT,Theinert,Kerstin,akademische Oberrätin,Englisch,45,1128
287,45,MASSLER,Massler,Ute,Professorin,Englisch,45,1129
288,45,MASSLER,Massler,Ute,Professorin,Englisch,45,1134
289,45,MASSLER,Massler,Ute,Professorin,Englisch,45,1135
290,45,MASSLER,Massler,Ute,Professorin,Englisch,45,1136
291,45,MASSLER,Massler,Ute,Professorin,Englisch,46,1153
292,46,THEINERT,Theinert,Kerstin,akademische Oberrätin,Englisch,45,1153
293,45,MASSLER,Massler,Ute,Professorin,Englisch,46,1156
294,46,THEINERT,Theinert,Kerstin,akademische Oberrätin,Englisch,45,1156
295,10,Mueller,Müller,Wolfgang,Prorektor für Forschung,Mediendidaktik,45,1184
296,45,MASSLER,Massler,Ute,Professorin,Englisch,10,1184
297,45,MASSLER,Massler,Ute,Professorin,Englisch,10,1186
298,10,Mueller,Müller,Wolfgang,Prorektor für Forschung,Mediendidaktik,45,1186
299,10,Mueller,Müller,Wolfgang,Prorektor für Forschung,Mediendidaktik,45,1187
300,45,MASSLER,Massler,Ute,Professorin,Englisch,10,1187
301,45,MASSLER,Massler,Ute,Professorin,Englisch,10,1190
302,10,Mueller,Müller,Wolfgang,Prorektor für Forschung,Mediendidaktik,45,1190
303,10,Mueller,Müller,Wolfgang,Prorektor für Forschung,Mediendidaktik,45,1192
304,45,MASSLER,Massler,Ute,Professorin,Englisch,10,1192
305,45,MASSLER,Massler,Ute,Professorin,Englisch,10,1194
306,10,Mueller,Müller,Wolfgang,Prorektor für Forschung,Mediendidaktik,45,1194
307,45,MASSLER,Massler,Ute,Professorin,Englisch,10,1196
308,10,Mueller,Müller,Wolfgang,Prorektor für Forschung,Mediendidaktik,45,1196
309,45,MASSLER,Massler,Ute,Professorin,Englisch,46,1211
310,46,THEINERT,Theinert,Kerstin,akademische Oberrätin,Englisch,45,1211
311,45,MASSLER,Massler,Ute,Professorin,Englisch,46,1212
312,46,THEINERT,Theinert,Kerstin,akademische Oberrätin,Englisch,45,1212
313,45,MASSLER,Massler,Ute,Professorin,Englisch,46,1213
314,46,THEINERT,Theinert,Kerstin,akademische Oberrätin,Englisch,45,1213
315,10,Mueller,Müller,Wolfgang,Prorektor für Forschung,Mediendidaktik,45,1225
316,45,MASSLER,Massler,Ute,Professorin,Englisch,10,1225
317,34,KITTEL,Kittel,Andreas,"Professor, Leiter zentrales Prüfungsamt",Mathematik,67,1256
318,34,KITTEL,Kittel,Andreas,"Professor, Leiter zentrales Prüfungsamt",Mathematik,30,1256
319,67,VIETZ,Vietz,Sabine,wissenschafltiche Mitarbeiterin IfB Mathematik,Mathematik,34,1256
320,67,VIETZ,Vietz,Sabine,wissenschafltiche Mitarbeiterin IfB Mathematik,Mathematik,30,1256
321,30,HUHMANN1,Huhmann,Tobias,Professor / Zentrumsdirektor Forschungszentrum,Mathematik,34,1256
322,30,HUHMANN1,Huhmann,Tobias,Professor / Zentrumsdirektor Forschungszentrum,Mathematik,67,1256
323,14,lukas,Lukas,Sarah,Junior-Professorin,Pädagogische Psychologie,26,1257
324,26,HUWER,Huwer,Johannes,Professor,Chemie,14,1257
325,14,lukas,Lukas,Sarah,Junior-Professorin,Pädagogische Psychologie,26,1263
326,26,HUWER,Huwer,Johannes,Professor,Chemie,14,1263
327,27,BRAVOGRANSTROEM,Bravo Granström,Monica,Geschäftsführerin der AWW,Akademie für wissenschaftliche Weiterbildung,10,1315
328,27,BRAVOGRANSTROEM,Bravo Granström,Monica,Geschäftsführerin der AWW,Akademie für wissenschaftliche Weiterbildung,80,1315
329,27,BRAVOGRANSTROEM,Bravo Granström,Monica,Geschäftsführerin der AWW,Akademie für wissenschaftliche Weiterbildung,16,1315
330,10,Mueller,Müller,Wolfgang,Prorektor für Forschung,Mediendidaktik,27,1315
331,10,Mueller,Müller,Wolfgang,Prorektor für Forschung,Mediendidaktik,80,1315
332,10,Mueller,Müller,Wolfgang,Prorektor für Forschung,Mediendidaktik,16,1315
333,80,SCHWEIZER,Schweizer,Karin,Rektorin,Rektorat,27,1315
334,80,SCHWEIZER,Schweizer,Karin,Rektorin,Rektorat,10,1315
335,80,SCHWEIZER,Schweizer,Karin,Rektorin,Rektorat,16,1315
336,16,Stratmann,Stratmann,Jörg,"Professor, Leiter des Kompetenzzentrums Medien",Erziehungswissenschaft,27,1315
337,16,Stratmann,Stratmann,Jörg,"Professor, Leiter des Kompetenzzentrums Medien",Erziehungswissenschaft,10,1315
338,16,Stratmann,Stratmann,Jörg,"Professor, Leiter des Kompetenzzentrums Medien",Erziehungswissenschaft,80,1315
339,82,JANSSEN,Janssen,Markus,,Erziehungswissenschaft,50,1329
340,50,WIEDENHORN,Wiedenhorn,Thomas,akademischer Mitarbeiter,Erziehungswissenschaft,82,1329
341,82,JANSSEN,Janssen,Markus,,Erziehungswissenschaft,50,1330
342,50,WIEDENHORN,Wiedenhorn,Thomas,akademischer Mitarbeiter,Erziehungswissenschaft,82,1330
343,82,JANSSEN,Janssen,Markus,,Erziehungswissenschaft,50,1331
344,50,WIEDENHORN,Wiedenhorn,Thomas,akademischer Mitarbeiter,Erziehungswissenschaft,82,1331
345,82,JANSSEN,Janssen,Markus,,Erziehungswissenschaft,50,1340
346,50,WIEDENHORN,Wiedenhorn,Thomas,akademischer Mitarbeiter,Erziehungswissenschaft,82,1340
347,14,lukas,Lukas,Sarah,Junior-Professorin,Pädagogische Psychologie,26,1342
348,26,HUWER,Huwer,Johannes,Professor,Chemie,14,1342
349,6,Weber,Weber,Susanne,Forschungsreferentin,Prorektorat für Forschung,80,1343
350,6,Weber,Weber,Susanne,Forschungsreferentin,Prorektorat für Forschung,15,1343
351,6,Weber,Weber,Susanne,Forschungsreferentin,Prorektorat für Forschung,36,1343
352,80,SCHWEIZER,Schweizer,Karin,Rektorin,Rektorat,6,1343
353,80,SCHWEIZER,Schweizer,Karin,Rektorin,Rektorat,15,1343
354,80,SCHWEIZER,Schweizer,Karin,Rektorin,Rektorat,36,1343
355,15,Lang-Wojtasik,Lang-Wojtasik,Gregor,Direktor des ZeBiP/Studiendekan der Fakultät I,Erziehungswissenschaft,6,1343
356,15,Lang-Wojtasik,Lang-Wojtasik,Gregor,Direktor des ZeBiP/Studiendekan der Fakultät I,Erziehungswissenschaft,80,1343
357,15,Lang-Wojtasik,Lang-Wojtasik,Gregor,Direktor des ZeBiP/Studiendekan der Fakultät I,Erziehungswissenschaft,36,1343
358,36,KOENIG1,König,Stefan,Professor Sportwissenschaft,Sportwissenschaft,6,1343
359,36,KOENIG1,König,Stefan,Professor Sportwissenschaft,Sportwissenschaft,80,1343
360,36,KOENIG1,König,Stefan,Professor Sportwissenschaft,Sportwissenschaft,15,1343
361,14,lukas,Lukas,Sarah,Junior-Professorin,Pädagogische Psychologie,26,1375
362,26,HUWER,Huwer,Johannes,Professor,Chemie,14,1375
363,26,HUWER,Huwer,Johannes,Professor,Chemie,26,1375
364,72,HENNINGER,Henninger,Michael,"Studiengangsleiter, Professor",Mediendidaktik,69,1378
365,69,SINDERMANN,Sindermann,Paul,"Akademischer Mitarbeiter, Doktorand",Mediendidaktik,72,1378
366,72,HENNINGER,Henninger,Michael,"Studiengangsleiter, Professor",Mediendidaktik,69,1381
367,69,SINDERMANN,Sindermann,Paul,"Akademischer Mitarbeiter, Doktorand",Mediendidaktik,72,1381
368,36,KOENIG1,König,Stefan,Professor Sportwissenschaft,Sportwissenschaft,15,1383
369,15,Lang-Wojtasik,Lang-Wojtasik,Gregor,Direktor des ZeBiP/Studiendekan der Fakultät I,Erziehungswissenschaft,36,1383
370,15,Lang-Wojtasik,Lang-Wojtasik,Gregor,Direktor des ZeBiP/Studiendekan der Fakultät I,Erziehungswissenschaft,36,1384
371,36,KOENIG1,König,Stefan,Professor Sportwissenschaft,Sportwissenschaft,15,1384
372,36,KOENIG1,König,Stefan,Professor Sportwissenschaft,Sportwissenschaft,15,1385
373,15,Lang-Wojtasik,Lang-Wojtasik,Gregor,Direktor des ZeBiP/Studiendekan der Fakultät I,Erziehungswissenschaft,36,1385
374,34,KITTEL,Kittel,Andreas,"Professor, Leiter zentrales Prüfungsamt",Mathematik,30,1394
375,34,KITTEL,Kittel,Andreas,"Professor, Leiter zentrales Prüfungsamt",Mathematik,67,1394
376,30,HUHMANN1,Huhmann,Tobias,Professor / Zentrumsdirektor Forschungszentrum,Mathematik,34,1394
377,30,HUHMANN1,Huhmann,Tobias,Professor / Zentrumsdirektor Forschungszentrum,Mathematik,67,1394
378,67,VIETZ,Vietz,Sabine,wissenschafltiche Mitarbeiterin IfB Mathematik,Mathematik,34,1394
379,67,VIETZ,Vietz,Sabine,wissenschafltiche Mitarbeiterin IfB Mathematik,Mathematik,30,1394
380,31,BINDER,Binder,Martin,Stellvertretender Leiter Praktikumsamt,Technik,31,1514
381,54,KNOER,Knör,Emely,Akademische Mitarbeiterin ,Erziehungswissenschaft,63,1564
382,63,SECHTIG,Sechtig,Jutta,Akademische Oberrätin,Erziehungswissenschaft,54,1564
383,54,KNOER,Knör,Emely,Akademische Mitarbeiterin ,Erziehungswissenschaft,63,1565
384,63,SECHTIG,Sechtig,Jutta,Akademische Oberrätin,Erziehungswissenschaft,54,1565
385,10,Mueller,Müller,Wolfgang,Prorektor für Forschung,Mediendidaktik,16,1566
386,10,Mueller,Müller,Wolfgang,Prorektor für Forschung,Mediendidaktik,73,1566
387,10,Mueller,Müller,Wolfgang,Prorektor für Forschung,Mediendidaktik,85,1566
388,10,Mueller,Müller,Wolfgang,Prorektor für Forschung,Mediendidaktik,64,1566
389,16,Stratmann,Stratmann,Jörg,"Professor, Leiter des Kompetenzzentrums Medien",Erziehungswissenschaft,10,1566
390,16,Stratmann,Stratmann,Jörg,"Professor, Leiter des Kompetenzzentrums Medien",Erziehungswissenschaft,73,1566
391,16,Stratmann,Stratmann,Jörg,"Professor, Leiter des Kompetenzzentrums Medien",Erziehungswissenschaft,85,1566
392,16,Stratmann,Stratmann,Jörg,"Professor, Leiter des Kompetenzzentrums Medien",Erziehungswissenschaft,64,1566
393,73,KREYER,Kreyer,Ingo,Projektkoordination ,Erziehungswissenschaft,10,1566
394,73,KREYER,Kreyer,Ingo,Projektkoordination ,Erziehungswissenschaft,16,1566
395,73,KREYER,Kreyer,Ingo,Projektkoordination ,Erziehungswissenschaft,85,1566
396,73,KREYER,Kreyer,Ingo,Projektkoordination ,Erziehungswissenschaft,64,1566
397,85,SCHMIDT,Schmidt,Christian,,Erziehungswissenschaft,10,1566
398,85,SCHMIDT,Schmidt,Christian,,Erziehungswissenschaft,16,1566
399,85,SCHMIDT,Schmidt,Christian,,Erziehungswissenschaft,73,1566
400,85,SCHMIDT,Schmidt,Christian,,Erziehungswissenschaft,64,1566
401,64,VISOTSCHNIG,Visotschnig,Marion Susanne,,Erziehungswissenschaft,10,1566
402,64,VISOTSCHNIG,Visotschnig,Marion Susanne,,Erziehungswissenschaft,16,1566
403,64,VISOTSCHNIG,Visotschnig,Marion Susanne,,Erziehungswissenschaft,73,1566
404,64,VISOTSCHNIG,Visotschnig,Marion Susanne,,Erziehungswissenschaft,85,1566
405,16,Stratmann,Stratmann,Jörg,"Professor, Leiter des Kompetenzzentrums Medien",Erziehungswissenschaft,64,1567
406,16,Stratmann,Stratmann,Jörg,"Professor, Leiter des Kompetenzzentrums Medien",Erziehungswissenschaft,10,1567
407,64,VISOTSCHNIG,Visotschnig,Marion Susanne,,Erziehungswissenschaft,16,1567
408,64,VISOTSCHNIG,Visotschnig,Marion Susanne,,Erziehungswissenschaft,10,1567
409,10,Mueller,Müller,Wolfgang,Prorektor für Forschung,Mediendidaktik,16,1567
410,10,Mueller,Müller,Wolfgang,Prorektor für Forschung,Mediendidaktik,64,1567
411,10,Mueller,Müller,Wolfgang,Prorektor für Forschung,Mediendidaktik,16,1568
412,16,Stratmann,Stratmann,Jörg,"Professor, Leiter des Kompetenzzentrums Medien",Erziehungswissenschaft,10,1568
413,55,LOEFFLER,Löffler,Cordula,Professorin,Deutsch mit Sprecherziehung,25,1570
414,25,ALBEDYHLL,Albedyhll,Laura,"Akademische Mitarbeiterin, Doktorandin",Deutsch mit Sprecherziehung,55,1570
415,30,HUHMANN1,Huhmann,Tobias,Professor / Zentrumsdirektor Forschungszentrum,Mathematik,68,1573
416,68,KOMM,Komm,Ellen,abgeordnete Lehrkraft ,Mathematik,30,1573
417,30,HUHMANN1,Huhmann,Tobias,Professor / Zentrumsdirektor Forschungszentrum,Mathematik,68,1574
418,30,HUHMANN1,Huhmann,Tobias,Professor / Zentrumsdirektor Forschungszentrum,Mathematik,15,1574
419,30,HUHMANN1,Huhmann,Tobias,Professor / Zentrumsdirektor Forschungszentrum,Mathematik,36,1574
420,68,KOMM,Komm,Ellen,abgeordnete Lehrkraft ,Mathematik,30,1574
421,68,KOMM,Komm,Ellen,abgeordnete Lehrkraft ,Mathematik,15,1574
422,68,KOMM,Komm,Ellen,abgeordnete Lehrkraft ,Mathematik,36,1574
423,15,Lang-Wojtasik,Lang-Wojtasik,Gregor,Direktor des ZeBiP/Studiendekan der Fakultät I,Erziehungswissenschaft,30,1574
424,15,Lang-Wojtasik,Lang-Wojtasik,Gregor,Direktor des ZeBiP/Studiendekan der Fakultät I,Erziehungswissenschaft,68,1574
425,15,Lang-Wojtasik,Lang-Wojtasik,Gregor,Direktor des ZeBiP/Studiendekan der Fakultät I,Erziehungswissenschaft,36,1574
426,36,KOENIG1,König,Stefan,Professor Sportwissenschaft,Sportwissenschaft,30,1574
427,36,KOENIG1,König,Stefan,Professor Sportwissenschaft,Sportwissenschaft,68,1574
428,36,KOENIG1,König,Stefan,Professor Sportwissenschaft,Sportwissenschaft,15,1574
429,36,KOENIG1,König,Stefan,Professor Sportwissenschaft,Sportwissenschaft,15,1578
430,15,Lang-Wojtasik,Lang-Wojtasik,Gregor,Direktor des ZeBiP/Studiendekan der Fakultät I,Erziehungswissenschaft,36,1578
431,103,STEINMETZ,Steinmetz,Michael,Professor (Schwerpunkt Literaturdidaktik),Deutsch mit Sprecherziehung,103,1649
432,103,STEINMETZ,Steinmetz,Michael,Professor (Schwerpunkt Literaturdidaktik),Deutsch mit Sprecherziehung,103,1647
433,103,STEINMETZ,Steinmetz,Michael,Professor (Schwerpunkt Literaturdidaktik),Deutsch mit Sprecherziehung,103,1648
434,103,STEINMETZ,Steinmetz,Michael,Professor (Schwerpunkt Literaturdidaktik),Deutsch mit Sprecherziehung,103,1653
435,103,STEINMETZ,Steinmetz,Michael,Professor (Schwerpunkt Literaturdidaktik),Deutsch mit Sprecherziehung,103,1656
436,103,STEINMETZ,Steinmetz,Michael,Professor (Schwerpunkt Literaturdidaktik),Deutsch mit Sprecherziehung,103,1669
437,103,STEINMETZ,Steinmetz,Michael,Professor (Schwerpunkt Literaturdidaktik),Deutsch mit Sprecherziehung,103,1668
438,34,KITTEL,Kittel,Andreas,"Professor, Leiter zentrales Prüfungsamt",Mathematik,67,1683
439,34,KITTEL,Kittel,Andreas,"Professor, Leiter zentrales Prüfungsamt",Mathematik,30,1683
440,67,VIETZ,Vietz,Sabine,wissenschafltiche Mitarbeiterin IfB Mathematik,Mathematik,34,1683
441,67,VIETZ,Vietz,Sabine,wissenschafltiche Mitarbeiterin IfB Mathematik,Mathematik,30,1683
442,30,HUHMANN1,Huhmann,Tobias,Professor / Zentrumsdirektor Forschungszentrum,Mathematik,34,1683
443,30,HUHMANN1,Huhmann,Tobias,Professor / Zentrumsdirektor Forschungszentrum,Mathematik,67,1683
444,26,HUWER,Huwer,Johannes,Professor,Chemie,14,1729
445,14,lukas,Lukas,Sarah,Junior-Professorin,Pädagogische Psychologie,26,1729
446,14,lukas,Lukas,Sarah,Junior-Professorin,Pädagogische Psychologie,27,1731
447,27,BRAVOGRANSTROEM,Bravo Granström,Monica,Geschäftsführerin der AWW,Akademie für wissenschaftliche Weiterbildung,14,1731
448,36,KOENIG1,König,Stefan,Professor Sportwissenschaft,Sportwissenschaft,15,1832
449,15,Lang-Wojtasik,Lang-Wojtasik,Gregor,Direktor des ZeBiP/Studiendekan der Fakultät I,Erziehungswissenschaft,36,1832
450,26,HUWER,Huwer,Johannes,Professor,Chemie,14,1751
451,14,lukas,Lukas,Sarah,Junior-Professorin,Pädagogische Psychologie,26,1751
452,14,lukas,Lukas,Sarah,Junior-Professorin,Pädagogische Psychologie,26,1739
453,26,HUWER,Huwer,Johannes,Professor,Chemie,14,1739
454,26,HUWER,Huwer,Johannes,Professor,Chemie,14,1743
455,14,lukas,Lukas,Sarah,Junior-Professorin,Pädagogische Psychologie,26,1743
456,14,lukas,Lukas,Sarah,Junior-Professorin,Pädagogische Psychologie,10,1744
457,14,lukas,Lukas,Sarah,Junior-Professorin,Pädagogische Psychologie,26,1744
458,14,lukas,Lukas,Sarah,Junior-Professorin,Pädagogische Psychologie,44,1744
459,14,lukas,Lukas,Sarah,Junior-Professorin,Pädagogische Psychologie,16,1744
460,10,Mueller,Müller,Wolfgang,Prorektor für Forschung,Mediendidaktik,14,1744
461,10,Mueller,Müller,Wolfgang,Prorektor für Forschung,Mediendidaktik,26,1744
462,10,Mueller,Müller,Wolfgang,Prorektor für Forschung,Mediendidaktik,44,1744
463,10,Mueller,Müller,Wolfgang,Prorektor für Forschung,Mediendidaktik,16,1744
464,26,HUWER,Huwer,Johannes,Professor,Chemie,14,1744
465,26,HUWER,Huwer,Johannes,Professor,Chemie,10,1744
466,26,HUWER,Huwer,Johannes,Professor,Chemie,44,1744
467,26,HUWER,Huwer,Johannes,Professor,Chemie,16,1744
468,44,KOPPEL,Koppel,Ilka,Juniorprofessorin,Erziehungswissenschaft,14,1744
469,44,KOPPEL,Koppel,Ilka,Juniorprofessorin,Erziehungswissenschaft,10,1744
470,44,KOPPEL,Koppel,Ilka,Juniorprofessorin,Erziehungswissenschaft,26,1744
471,44,KOPPEL,Koppel,Ilka,Juniorprofessorin,Erziehungswissenschaft,16,1744
472,16,Stratmann,Stratmann,Jörg,"Professor, Leiter des Kompetenzzentrums Medien",Erziehungswissenschaft,14,1744
473,16,Stratmann,Stratmann,Jörg,"Professor, Leiter des Kompetenzzentrums Medien",Erziehungswissenschaft,10,1744
474,16,Stratmann,Stratmann,Jörg,"Professor, Leiter des Kompetenzzentrums Medien",Erziehungswissenschaft,26,1744
475,16,Stratmann,Stratmann,Jörg,"Professor, Leiter des Kompetenzzentrums Medien",Erziehungswissenschaft,44,1744
476,32,ANDREAS,Sommer,Andreas,wissenschaftlicher Mitarbeiter,Geschichte,14,1746
477,14,lukas,Lukas,Sarah,Junior-Professorin,Pädagogische Psychologie,32,1746
478,10,Mueller,Müller,Wolfgang,Prorektor für Forschung,Mediendidaktik,16,1753
479,10,Mueller,Müller,Wolfgang,Prorektor für Forschung,Mediendidaktik,73,1753
480,10,Mueller,Müller,Wolfgang,Prorektor für Forschung,Mediendidaktik,85,1753
481,10,Mueller,Müller,Wolfgang,Prorektor für Forschung,Mediendidaktik,64,1753
482,16,Stratmann,Stratmann,Jörg,"Professor, Leiter des Kompetenzzentrums Medien",Erziehungswissenschaft,10,1753
483,16,Stratmann,Stratmann,Jörg,"Professor, Leiter des Kompetenzzentrums Medien",Erziehungswissenschaft,73,1753
484,16,Stratmann,Stratmann,Jörg,"Professor, Leiter des Kompetenzzentrums Medien",Erziehungswissenschaft,85,1753
485,16,Stratmann,Stratmann,Jörg,"Professor, Leiter des Kompetenzzentrums Medien",Erziehungswissenschaft,64,1753
486,73,KREYER,Kreyer,Ingo,Projektkoordination ,Erziehungswissenschaft,10,1753
487,73,KREYER,Kreyer,Ingo,Projektkoordination ,Erziehungswissenschaft,16,1753
488,73,KREYER,Kreyer,Ingo,Projektkoordination ,Erziehungswissenschaft,85,1753
489,73,KREYER,Kreyer,Ingo,Projektkoordination ,Erziehungswissenschaft,64,1753
490,85,SCHMIDT,Schmidt,Christian,,Erziehungswissenschaft,10,1753
491,85,SCHMIDT,Schmidt,Christian,,Erziehungswissenschaft,16,1753
492,85,SCHMIDT,Schmidt,Christian,,Erziehungswissenschaft,73,1753
493,85,SCHMIDT,Schmidt,Christian,,Erziehungswissenschaft,64,1753
494,64,VISOTSCHNIG,Visotschnig,Marion Susanne,,Erziehungswissenschaft,10,1753
495,64,VISOTSCHNIG,Visotschnig,Marion Susanne,,Erziehungswissenschaft,16,1753
496,64,VISOTSCHNIG,Visotschnig,Marion Susanne,,Erziehungswissenschaft,73,1753
497,64,VISOTSCHNIG,Visotschnig,Marion Susanne,,Erziehungswissenschaft,85,1753
498,35,VEES,Vees,Johannes,Lehrbeauftragter ,Deutsch mit Sprecherziehung,55,1769
499,35,VEES,Vees,Johannes,Lehrbeauftragter ,Deutsch mit Sprecherziehung,80,1769
500,55,LOEFFLER,Löffler,Cordula,Professorin,Deutsch mit Sprecherziehung,35,1769
501,55,LOEFFLER,Löffler,Cordula,Professorin,Deutsch mit Sprecherziehung,80,1769
502,80,SCHWEIZER,Schweizer,Karin,Rektorin,Rektorat,35,1769
503,80,SCHWEIZER,Schweizer,Karin,Rektorin,Rektorat,55,1769
504,85,SCHMIDT,Schmidt,Christian,,Erziehungswissenschaft,64,1775
505,85,SCHMIDT,Schmidt,Christian,,Erziehungswissenschaft,10,1775
506,85,SCHMIDT,Schmidt,Christian,,Erziehungswissenschaft,16,1775
507,64,VISOTSCHNIG,Visotschnig,Marion Susanne,,Erziehungswissenschaft,85,1775
508,64,VISOTSCHNIG,Visotschnig,Marion Susanne,,Erziehungswissenschaft,10,1775
509,64,VISOTSCHNIG,Visotschnig,Marion Susanne,,Erziehungswissenschaft,16,1775
510,10,Mueller,Müller,Wolfgang,Prorektor für Forschung,Mediendidaktik,85,1775
511,10,Mueller,Müller,Wolfgang,Prorektor für Forschung,Mediendidaktik,64,1775
512,10,Mueller,Müller,Wolfgang,Prorektor für Forschung,Mediendidaktik,16,1775
513,16,Stratmann,Stratmann,Jörg,"Professor, Leiter des Kompetenzzentrums Medien",Erziehungswissenschaft,85,1775
514,16,Stratmann,Stratmann,Jörg,"Professor, Leiter des Kompetenzzentrums Medien",Erziehungswissenschaft,64,1775
515,16,Stratmann,Stratmann,Jörg,"Professor, Leiter des Kompetenzzentrums Medien",Erziehungswissenschaft,10,1775
516,36,KOENIG1,König,Stefan,Professor Sportwissenschaft,Sportwissenschaft,39,1812
517,39,WEYERMANN,Uhl,Elke,Wissenschaftliche Mitarbeiterin und Doktorandin,Sportwissenschaft,36,1812
518,39,WEYERMANN,Uhl,Elke,Wissenschaftliche Mitarbeiterin und Doktorandin,Sportwissenschaft,36,1813
519,36,KOENIG1,König,Stefan,Professor Sportwissenschaft,Sportwissenschaft,39,1813
520,39,WEYERMANN,Uhl,Elke,Wissenschaftliche Mitarbeiterin und Doktorandin,Sportwissenschaft,36,1814
521,36,KOENIG1,König,Stefan,Professor Sportwissenschaft,Sportwissenschaft,39,1814
522,39,WEYERMANN,Uhl,Elke,Wissenschaftliche Mitarbeiterin und Doktorandin,Sportwissenschaft,36,1816
523,36,KOENIG1,König,Stefan,Professor Sportwissenschaft,Sportwissenschaft,39,1816
524,39,WEYERMANN,Uhl,Elke,Wissenschaftliche Mitarbeiterin und Doktorandin,Sportwissenschaft,36,1818
525,36,KOENIG1,König,Stefan,Professor Sportwissenschaft,Sportwissenschaft,39,1818
526,39,WEYERMANN,Uhl,Elke,Wissenschaftliche Mitarbeiterin und Doktorandin,Sportwissenschaft,36,1819
527,36,KOENIG1,König,Stefan,Professor Sportwissenschaft,Sportwissenschaft,39,1819
528,30,HUHMANN1,Huhmann,Tobias,Professor / Zentrumsdirektor Forschungszentrum,Mathematik,30,1889
529,30,HUHMANN1,Huhmann,Tobias,Professor / Zentrumsdirektor Forschungszentrum,Mathematik,68,1889
530,68,KOMM,Komm,Ellen,abgeordnete Lehrkraft ,Mathematik,30,1889
531,30,HUHMANN1,Huhmann,Tobias,Professor / Zentrumsdirektor Forschungszentrum,Mathematik,68,1891
532,68,KOMM,Komm,Ellen,abgeordnete Lehrkraft ,Mathematik,30,1891
533,55,LOEFFLER,Löffler,Cordula,Professorin,Deutsch mit Sprecherziehung,25,2674
534,25,ALBEDYHLL,Albedyhll,Laura,"Akademische Mitarbeiterin, Doktorandin",Deutsch mit Sprecherziehung,55,2674
535,44,KOPPEL,Koppel,Ilka,Juniorprofessorin,Erziehungswissenschaft,55,2673
536,55,LOEFFLER,Löffler,Cordula,Professorin,Deutsch mit Sprecherziehung,44,2673
537,10,Mueller,Müller,Wolfgang,Prorektor für Forschung,Mediendidaktik,16,1943
538,10,Mueller,Müller,Wolfgang,Prorektor für Forschung,Mediendidaktik,86,1943
539,10,Mueller,Müller,Wolfgang,Prorektor für Forschung,Mediendidaktik,85,1943
540,10,Mueller,Müller,Wolfgang,Prorektor für Forschung,Mediendidaktik,64,1943
541,16,Stratmann,Stratmann,Jörg,"Professor, Leiter des Kompetenzzentrums Medien",Erziehungswissenschaft,10,1943
542,16,Stratmann,Stratmann,Jörg,"Professor, Leiter des Kompetenzzentrums Medien",Erziehungswissenschaft,86,1943
543,16,Stratmann,Stratmann,Jörg,"Professor, Leiter des Kompetenzzentrums Medien",Erziehungswissenschaft,85,1943
544,16,Stratmann,Stratmann,Jörg,"Professor, Leiter des Kompetenzzentrums Medien",Erziehungswissenschaft,64,1943
545,86,GUENTHER,Günther,Verena,,Mediendidaktik,10,1943
546,86,GUENTHER,Günther,Verena,,Mediendidaktik,16,1943
547,86,GUENTHER,Günther,Verena,,Mediendidaktik,85,1943
548,86,GUENTHER,Günther,Verena,,Mediendidaktik,64,1943
549,85,SCHMIDT,Schmidt,Christian,,Erziehungswissenschaft,10,1943
550,85,SCHMIDT,Schmidt,Christian,,Erziehungswissenschaft,16,1943
551,85,SCHMIDT,Schmidt,Christian,,Erziehungswissenschaft,86,1943
552,85,SCHMIDT,Schmidt,Christian,,Erziehungswissenschaft,64,1943
553,64,VISOTSCHNIG,Visotschnig,Marion Susanne,,Erziehungswissenschaft,10,1943
554,64,VISOTSCHNIG,Visotschnig,Marion Susanne,,Erziehungswissenschaft,16,1943
555,64,VISOTSCHNIG,Visotschnig,Marion Susanne,,Erziehungswissenschaft,86,1943
556,64,VISOTSCHNIG,Visotschnig,Marion Susanne,,Erziehungswissenschaft,85,1943
557,55,LOEFFLER,Löffler,Cordula,Professorin,Deutsch mit Sprecherziehung,35,2675
558,35,VEES,Vees,Johannes,Lehrbeauftragter ,Deutsch mit Sprecherziehung,55,2675
559,30,HUHMANN1,Huhmann,Tobias,Professor / Zentrumsdirektor Forschungszentrum,Mathematik,68,2250
560,68,KOMM,Komm,Ellen,abgeordnete Lehrkraft ,Mathematik,30,2250
561,72,HENNINGER,Henninger,Michael,"Studiengangsleiter, Professor",Mediendidaktik,69,2099
562,69,SINDERMANN,Sindermann,Paul,"Akademischer Mitarbeiter, Doktorand",Mediendidaktik,72,2099
563,72,HENNINGER,Henninger,Michael,"Studiengangsleiter, Professor",Mediendidaktik,69,2100
564,69,SINDERMANN,Sindermann,Paul,"Akademischer Mitarbeiter, Doktorand",Mediendidaktik,72,2100
565,30,HUHMANN1,Huhmann,Tobias,Professor / Zentrumsdirektor Forschungszentrum,Mathematik,68,2118
566,68,KOMM,Komm,Ellen,abgeordnete Lehrkraft ,Mathematik,30,2118
567,45,MASSLER,Massler,Ute,Professorin,Englisch,10,2119
568,10,Mueller,Müller,Wolfgang,Prorektor für Forschung,Mediendidaktik,45,2119
569,50,WIEDENHORN,Wiedenhorn,Thomas,akademischer Mitarbeiter,Erziehungswissenschaft,82,2120
570,82,JANSSEN,Janssen,Markus,,Erziehungswissenschaft,50,2120
571,82,JANSSEN,Janssen,Markus,,Erziehungswissenschaft,50,2121
572,50,WIEDENHORN,Wiedenhorn,Thomas,akademischer Mitarbeiter,Erziehungswissenschaft,82,2121
573,50,WIEDENHORN,Wiedenhorn,Thomas,akademischer Mitarbeiter,Erziehungswissenschaft,82,2123
574,82,JANSSEN,Janssen,Markus,,Erziehungswissenschaft,50,2123
575,109,KRAUTTER,Krautter,Yvonne,Professorin für Geographie und ihre Didaktik,Geographie,15,2147
576,15,Lang-Wojtasik,Lang-Wojtasik,Gregor,Direktor des ZeBiP/Studiendekan der Fakultät I,Erziehungswissenschaft,109,2147
577,103,STEINMETZ,Steinmetz,Michael,Professor (Schwerpunkt Literaturdidaktik),Deutsch mit Sprecherziehung,29,2905
578,29,SCHLACHTER,Schlachter,Birgit,,Deutsch mit Sprecherziehung,103,2905
579,91,MAZZA,Mazza,Francesca,Wissenschaftliche Mitarbeiterin (WiBeG),Deutsch mit Sprecherziehung,110,2154
580,110,STEGER,Steger,Aline,,Erziehungswissenschaft,91,2154
581,39,WEYERMANN,Uhl,Elke,Wissenschaftliche Mitarbeiterin und Doktorandin,Sportwissenschaft,36,2156
582,36,KOENIG1,König,Stefan,Professor Sportwissenschaft,Sportwissenschaft,39,2156
583,44,KOPPEL,Koppel,Ilka,Juniorprofessorin,Erziehungswissenschaft,16,2171
584,44,KOPPEL,Koppel,Ilka,Juniorprofessorin,Erziehungswissenschaft,27,2171
585,16,Stratmann,Stratmann,Jörg,"Professor, Leiter des Kompetenzzentrums Medien",Erziehungswissenschaft,44,2171
586,16,Stratmann,Stratmann,Jörg,"Professor, Leiter des Kompetenzzentrums Medien",Erziehungswissenschaft,27,2171
587,27,BRAVOGRANSTROEM,Bravo Granström,Monica,Geschäftsführerin der AWW,Akademie für wissenschaftliche Weiterbildung,44,2171
588,27,BRAVOGRANSTROEM,Bravo Granström,Monica,Geschäftsführerin der AWW,Akademie für wissenschaftliche Weiterbildung,16,2171
589,114,SCHNEBEL,Schnebel,Stefanie,Professorin,Erziehungswissenschaft,116,2182
590,116,OBERDORFER,Oberdorfer,Katharina,FuN-Kollegiatin,Erziehungswissenschaft,114,2182
591,114,SCHNEBEL,Schnebel,Stefanie,Professorin,Erziehungswissenschaft,94,2184
592,94,BERNET,Bernet,Felix,Akademischer Mitarbeiter,Erziehungswissenschaft,114,2184
593,114,SCHNEBEL,Schnebel,Stefanie,Professorin,Erziehungswissenschaft,70,2185
594,70,KANSTEINER,Kansteiner,Katja,Professorin,Erziehungswissenschaft,114,2185
595,114,SCHNEBEL,Schnebel,Stefanie,Professorin,Erziehungswissenschaft,70,2186
596,114,SCHNEBEL,Schnebel,Stefanie,Professorin,Erziehungswissenschaft,116,2186
597,70,KANSTEINER,Kansteiner,Katja,Professorin,Erziehungswissenschaft,114,2186
598,70,KANSTEINER,Kansteiner,Katja,Professorin,Erziehungswissenschaft,116,2186
599,116,OBERDORFER,Oberdorfer,Katharina,FuN-Kollegiatin,Erziehungswissenschaft,114,2186
600,116,OBERDORFER,Oberdorfer,Katharina,FuN-Kollegiatin,Erziehungswissenschaft,70,2186
601,114,SCHNEBEL,Schnebel,Stefanie,Professorin,Erziehungswissenschaft,121,2189
602,121,LANGER,Langer,Sandra,,Erziehungswissenschaft,114,2189
603,15,Lang-Wojtasik,Lang-Wojtasik,Gregor,Direktor des ZeBiP/Studiendekan der Fakultät I,Erziehungswissenschaft,36,2596
604,36,KOENIG1,König,Stefan,Professor Sportwissenschaft,Sportwissenschaft,15,2596
605,29,SCHLACHTER,Schlachter,Birgit,,Deutsch mit Sprecherziehung,103,2909
606,103,STEINMETZ,Steinmetz,Michael,Professor (Schwerpunkt Literaturdidaktik),Deutsch mit Sprecherziehung,29,2909
607,103,STEINMETZ,Steinmetz,Michael,Professor (Schwerpunkt Literaturdidaktik),Deutsch mit Sprecherziehung,29,2907
608,29,SCHLACHTER,Schlachter,Birgit,,Deutsch mit Sprecherziehung,103,2907
609,14,lukas,Lukas,Sarah,Junior-Professorin,Pädagogische Psychologie,27,2223
610,14,lukas,Lukas,Sarah,Junior-Professorin,Pädagogische Psychologie,80,2223
611,27,BRAVOGRANSTROEM,Bravo Granström,Monica,Geschäftsführerin der AWW,Akademie für wissenschaftliche Weiterbildung,14,2223
612,27,BRAVOGRANSTROEM,Bravo Granström,Monica,Geschäftsführerin der AWW,Akademie für wissenschaftliche Weiterbildung,80,2223
613,80,SCHWEIZER,Schweizer,Karin,Rektorin,Rektorat,14,2223
614,80,SCHWEIZER,Schweizer,Karin,Rektorin,Rektorat,27,2223
615,106,ZIROLI,Ziroli,Sergio,"Prodekan Fakultät I, Studiengangleiter BA BE",Sportwissenschaft,106,2377
616,15,Lang-Wojtasik,Lang-Wojtasik,Gregor,Direktor des ZeBiP/Studiendekan der Fakultät I,Erziehungswissenschaft,2,2249
617,15,Lang-Wojtasik,Lang-Wojtasik,Gregor,Direktor des ZeBiP/Studiendekan der Fakultät I,Erziehungswissenschaft,129,2249
618,2,Kaiser,Kaiser,Tim,Forschungsreferent,"Sonstiges, nicht gelistetes Institut",15,2249
619,2,Kaiser,Kaiser,Tim,Forschungsreferent,"Sonstiges, nicht gelistetes Institut",129,2249
620,129,LANG1,Lang,Sabine,Projektkoordination,"Sonstiges, nicht gelistetes Institut",15,2249
621,129,LANG1,Lang,Sabine,Projektkoordination,"Sonstiges, nicht gelistetes Institut",2,2249
622,128,GRASSINGER,Grassinger,Robert,Professor,Pädagogische Psychologie,114,2676
623,114,SCHNEBEL,Schnebel,Stefanie,Professorin,Erziehungswissenschaft,128,2676
624,15,Lang-Wojtasik,Lang-Wojtasik,Gregor,Direktor des ZeBiP/Studiendekan der Fakultät I,Erziehungswissenschaft,36,2262
625,36,KOENIG1,König,Stefan,Professor Sportwissenschaft,Sportwissenschaft,15,2262
626,15,Lang-Wojtasik,Lang-Wojtasik,Gregor,Direktor des ZeBiP/Studiendekan der Fakultät I,Erziehungswissenschaft,40,2282
627,40,BERGMUELLER-HAUPTM1,Bergmüller-Hauptmann,Claudia,Professorin,Erziehungswissenschaft,15,2282
628,15,Lang-Wojtasik,Lang-Wojtasik,Gregor,Direktor des ZeBiP/Studiendekan der Fakultät I,Erziehungswissenschaft,40,2283
629,40,BERGMUELLER-HAUPTM1,Bergmüller-Hauptmann,Claudia,Professorin,Erziehungswissenschaft,15,2283
630,15,Lang-Wojtasik,Lang-Wojtasik,Gregor,Direktor des ZeBiP/Studiendekan der Fakultät I,Erziehungswissenschaft,129,2285
631,129,LANG1,Lang,Sabine,Projektkoordination,"Sonstiges, nicht gelistetes Institut",15,2285
632,106,ZIROLI,Ziroli,Sergio,"Prodekan Fakultät I, Studiengangleiter BA BE",Sportwissenschaft,82,2374
633,82,JANSSEN,Janssen,Markus,,Erziehungswissenschaft,106,2374
634,44,KOPPEL,Koppel,Ilka,Juniorprofessorin,Erziehungswissenschaft,121,2326
635,121,LANGER,Langer,Sandra,,Erziehungswissenschaft,44,2326
636,44,KOPPEL,Koppel,Ilka,Juniorprofessorin,Erziehungswissenschaft,121,2327
637,121,LANGER,Langer,Sandra,,Erziehungswissenschaft,44,2327
638,44,KOPPEL,Koppel,Ilka,Juniorprofessorin,Erziehungswissenschaft,121,2328
639,121,LANGER,Langer,Sandra,,Erziehungswissenschaft,44,2328
640,44,KOPPEL,Koppel,Ilka,Juniorprofessorin,Erziehungswissenschaft,15,2330
641,44,KOPPEL,Koppel,Ilka,Juniorprofessorin,Erziehungswissenschaft,36,2330
642,15,Lang-Wojtasik,Lang-Wojtasik,Gregor,Direktor des ZeBiP/Studiendekan der Fakultät I,Erziehungswissenschaft,44,2330
643,15,Lang-Wojtasik,Lang-Wojtasik,Gregor,Direktor des ZeBiP/Studiendekan der Fakultät I,Erziehungswissenschaft,36,2330
644,36,KOENIG1,König,Stefan,Professor Sportwissenschaft,Sportwissenschaft,44,2330
645,36,KOENIG1,König,Stefan,Professor Sportwissenschaft,Sportwissenschaft,15,2330
646,14,lukas,Lukas,Sarah,Junior-Professorin,Pädagogische Psychologie,10,2331
647,14,lukas,Lukas,Sarah,Junior-Professorin,Pädagogische Psychologie,44,2331
648,14,lukas,Lukas,Sarah,Junior-Professorin,Pädagogische Psychologie,26,2331
649,14,lukas,Lukas,Sarah,Junior-Professorin,Pädagogische Psychologie,16,2331
650,14,lukas,Lukas,Sarah,Junior-Professorin,Pädagogische Psychologie,123,2331
651,10,Mueller,Müller,Wolfgang,Prorektor für Forschung,Mediendidaktik,14,2331
652,10,Mueller,Müller,Wolfgang,Prorektor für Forschung,Mediendidaktik,44,2331
653,10,Mueller,Müller,Wolfgang,Prorektor für Forschung,Mediendidaktik,26,2331
654,10,Mueller,Müller,Wolfgang,Prorektor für Forschung,Mediendidaktik,16,2331
655,10,Mueller,Müller,Wolfgang,Prorektor für Forschung,Mediendidaktik,123,2331
656,44,KOPPEL,Koppel,Ilka,Juniorprofessorin,Erziehungswissenschaft,14,2331
657,44,KOPPEL,Koppel,Ilka,Juniorprofessorin,Erziehungswissenschaft,10,2331
658,44,KOPPEL,Koppel,Ilka,Juniorprofessorin,Erziehungswissenschaft,26,2331
659,44,KOPPEL,Koppel,Ilka,Juniorprofessorin,Erziehungswissenschaft,16,2331
660,44,KOPPEL,Koppel,Ilka,Juniorprofessorin,Erziehungswissenschaft,123,2331
661,26,HUWER,Huwer,Johannes,Professor,Chemie,14,2331
662,26,HUWER,Huwer,Johannes,Professor,Chemie,10,2331
663,26,HUWER,Huwer,Johannes,Professor,Chemie,44,2331
664,26,HUWER,Huwer,Johannes,Professor,Chemie,16,2331
665,26,HUWER,Huwer,Johannes,Professor,Chemie,123,2331
666,16,Stratmann,Stratmann,Jörg,"Professor, Leiter des Kompetenzzentrums Medien",Erziehungswissenschaft,14,2331
667,16,Stratmann,Stratmann,Jörg,"Professor, Leiter des Kompetenzzentrums Medien",Erziehungswissenschaft,10,2331
668,16,Stratmann,Stratmann,Jörg,"Professor, Leiter des Kompetenzzentrums Medien",Erziehungswissenschaft,44,2331
669,16,Stratmann,Stratmann,Jörg,"Professor, Leiter des Kompetenzzentrums Medien",Erziehungswissenschaft,26,2331
670,16,Stratmann,Stratmann,Jörg,"Professor, Leiter des Kompetenzzentrums Medien",Erziehungswissenschaft,123,2331
671,123,THEILMANN,Theilmann,Florian,ordentlicher Professor,Physik,14,2331
672,123,THEILMANN,Theilmann,Florian,ordentlicher Professor,Physik,10,2331
673,123,THEILMANN,Theilmann,Florian,ordentlicher Professor,Physik,44,2331
674,123,THEILMANN,Theilmann,Florian,ordentlicher Professor,Physik,26,2331
675,123,THEILMANN,Theilmann,Florian,ordentlicher Professor,Physik,16,2331
676,44,KOPPEL,Koppel,Ilka,Juniorprofessorin,Erziehungswissenschaft,55,2333
677,55,LOEFFLER,Löffler,Cordula,Professorin,Deutsch mit Sprecherziehung,44,2333
678,106,ZIROLI,Ziroli,Sergio,"Prodekan Fakultät I, Studiengangleiter BA BE",Sportwissenschaft,106,2336
679,106,ZIROLI,Ziroli,Sergio,"Prodekan Fakultät I, Studiengangleiter BA BE",Sportwissenschaft,106,2337
680,106,ZIROLI,Ziroli,Sergio,"Prodekan Fakultät I, Studiengangleiter BA BE",Sportwissenschaft,82,2338
681,82,JANSSEN,Janssen,Markus,,Erziehungswissenschaft,106,2338
682,106,ZIROLI,Ziroli,Sergio,"Prodekan Fakultät I, Studiengangleiter BA BE",Sportwissenschaft,106,2339
683,106,ZIROLI,Ziroli,Sergio,"Prodekan Fakultät I, Studiengangleiter BA BE",Sportwissenschaft,106,2376
684,106,ZIROLI,Ziroli,Sergio,"Prodekan Fakultät I, Studiengangleiter BA BE",Sportwissenschaft,106,2379
685,106,ZIROLI,Ziroli,Sergio,"Prodekan Fakultät I, Studiengangleiter BA BE",Sportwissenschaft,106,2409
686,55,LOEFFLER,Löffler,Cordula,Professorin,Deutsch mit Sprecherziehung,44,2436
687,44,KOPPEL,Koppel,Ilka,Juniorprofessorin,Erziehungswissenschaft,55,2436
688,128,GRASSINGER,Grassinger,Robert,Professor,Pädagogische Psychologie,114,2444
689,114,SCHNEBEL,Schnebel,Stefanie,Professorin,Erziehungswissenschaft,128,2444
690,128,GRASSINGER,Grassinger,Robert,Professor,Pädagogische Psychologie,10,2446
691,128,GRASSINGER,Grassinger,Robert,Professor,Pädagogische Psychologie,114,2446
692,128,GRASSINGER,Grassinger,Robert,Professor,Pädagogische Psychologie,16,2446
693,128,GRASSINGER,Grassinger,Robert,Professor,Pädagogische Psychologie,86,2446
694,128,GRASSINGER,Grassinger,Robert,Professor,Pädagogische Psychologie,64,2446
695,10,Mueller,Müller,Wolfgang,Prorektor für Forschung,Mediendidaktik,128,2446
696,10,Mueller,Müller,Wolfgang,Prorektor für Forschung,Mediendidaktik,114,2446
697,10,Mueller,Müller,Wolfgang,Prorektor für Forschung,Mediendidaktik,16,2446
698,10,Mueller,Müller,Wolfgang,Prorektor für Forschung,Mediendidaktik,86,2446
699,10,Mueller,Müller,Wolfgang,Prorektor für Forschung,Mediendidaktik,64,2446
700,114,SCHNEBEL,Schnebel,Stefanie,Professorin,Erziehungswissenschaft,128,2446
701,114,SCHNEBEL,Schnebel,Stefanie,Professorin,Erziehungswissenschaft,10,2446
702,114,SCHNEBEL,Schnebel,Stefanie,Professorin,Erziehungswissenschaft,16,2446
703,114,SCHNEBEL,Schnebel,Stefanie,Professorin,Erziehungswissenschaft,86,2446
704,114,SCHNEBEL,Schnebel,Stefanie,Professorin,Erziehungswissenschaft,64,2446
705,16,Stratmann,Stratmann,Jörg,"Professor, Leiter des Kompetenzzentrums Medien",Erziehungswissenschaft,128,2446
706,16,Stratmann,Stratmann,Jörg,"Professor, Leiter des Kompetenzzentrums Medien",Erziehungswissenschaft,10,2446
707,16,Stratmann,Stratmann,Jörg,"Professor, Leiter des Kompetenzzentrums Medien",Erziehungswissenschaft,114,2446
708,16,Stratmann,Stratmann,Jörg,"Professor, Leiter des Kompetenzzentrums Medien",Erziehungswissenschaft,86,2446
709,16,Stratmann,Stratmann,Jörg,"Professor, Leiter des Kompetenzzentrums Medien",Erziehungswissenschaft,64,2446
710,86,GUENTHER,Günther,Verena,,Mediendidaktik,128,2446
711,86,GUENTHER,Günther,Verena,,Mediendidaktik,10,2446
712,86,GUENTHER,Günther,Verena,,Mediendidaktik,114,2446
713,86,GUENTHER,Günther,Verena,,Mediendidaktik,16,2446
714,86,GUENTHER,Günther,Verena,,Mediendidaktik,64,2446
715,64,VISOTSCHNIG,Visotschnig,Marion Susanne,,Erziehungswissenschaft,128,2446
716,64,VISOTSCHNIG,Visotschnig,Marion Susanne,,Erziehungswissenschaft,10,2446
717,64,VISOTSCHNIG,Visotschnig,Marion Susanne,,Erziehungswissenschaft,114,2446
718,64,VISOTSCHNIG,Visotschnig,Marion Susanne,,Erziehungswissenschaft,16,2446
719,64,VISOTSCHNIG,Visotschnig,Marion Susanne,,Erziehungswissenschaft,86,2446
720,114,SCHNEBEL,Schnebel,Stefanie,Professorin,Erziehungswissenschaft,128,2447
721,128,GRASSINGER,Grassinger,Robert,Professor,Pädagogische Psychologie,114,2447
722,90,BURMEISTER,Burmeister,Carolin,"Akademische Mitarbeiterin, Doktorandin",Pädagogische Psychologie,128,2455
723,128,GRASSINGER,Grassinger,Robert,Professor,Pädagogische Psychologie,90,2455
724,45,MASSLER,Massler,Ute,Professorin,Englisch,10,2511
725,10,Mueller,Müller,Wolfgang,Prorektor für Forschung,Mediendidaktik,45,2511
726,15,Lang-Wojtasik,Lang-Wojtasik,Gregor,Direktor des ZeBiP/Studiendekan der Fakultät I,Erziehungswissenschaft,2,2515
727,2,Kaiser,Kaiser,Tim,Forschungsreferent,"Sonstiges, nicht gelistetes Institut",15,2515
728,15,Lang-Wojtasik,Lang-Wojtasik,Gregor,Direktor des ZeBiP/Studiendekan der Fakultät I,Erziehungswissenschaft,40,2516
729,40,BERGMUELLER-HAUPTM1,Bergmüller-Hauptmann,Claudia,Professorin,Erziehungswissenschaft,15,2516
730,15,Lang-Wojtasik,Lang-Wojtasik,Gregor,Direktor des ZeBiP/Studiendekan der Fakultät I,Erziehungswissenschaft,36,2603
731,36,KOENIG1,König,Stefan,Professor Sportwissenschaft,Sportwissenschaft,15,2603
732,15,Lang-Wojtasik,Lang-Wojtasik,Gregor,Direktor des ZeBiP/Studiendekan der Fakultät I,Erziehungswissenschaft,36,2613
733,36,KOENIG1,König,Stefan,Professor Sportwissenschaft,Sportwissenschaft,15,2613
734,64,VISOTSCHNIG,Visotschnig,Marion Susanne,,Erziehungswissenschaft,73,2663
735,64,VISOTSCHNIG,Visotschnig,Marion Susanne,,Erziehungswissenschaft,114,2663
736,64,VISOTSCHNIG,Visotschnig,Marion Susanne,,Erziehungswissenschaft,128,2663
737,73,KREYER,Kreyer,Ingo,Projektkoordination ,Erziehungswissenschaft,64,2663
738,73,KREYER,Kreyer,Ingo,Projektkoordination ,Erziehungswissenschaft,114,2663
739,73,KREYER,Kreyer,Ingo,Projektkoordination ,Erziehungswissenschaft,128,2663
740,114,SCHNEBEL,Schnebel,Stefanie,Professorin,Erziehungswissenschaft,64,2663
741,114,SCHNEBEL,Schnebel,Stefanie,Professorin,Erziehungswissenschaft,73,2663
742,114,SCHNEBEL,Schnebel,Stefanie,Professorin,Erziehungswissenschaft,128,2663
743,128,GRASSINGER,Grassinger,Robert,Professor,Pädagogische Psychologie,64,2663
744,128,GRASSINGER,Grassinger,Robert,Professor,Pädagogische Psychologie,73,2663
745,128,GRASSINGER,Grassinger,Robert,Professor,Pädagogische Psychologie,114,2663
746,114,SCHNEBEL,Schnebel,Stefanie,Professorin,Erziehungswissenschaft,128,2666
747,114,SCHNEBEL,Schnebel,Stefanie,Professorin,Erziehungswissenschaft,64,2666
748,114,SCHNEBEL,Schnebel,Stefanie,Professorin,Erziehungswissenschaft,50,2666
749,114,SCHNEBEL,Schnebel,Stefanie,Professorin,Erziehungswissenschaft,82,2666
750,128,GRASSINGER,Grassinger,Robert,Professor,Pädagogische Psychologie,114,2666
751,128,GRASSINGER,Grassinger,Robert,Professor,Pädagogische Psychologie,64,2666
752,128,GRASSINGER,Grassinger,Robert,Professor,Pädagogische Psychologie,50,2666
753,128,GRASSINGER,Grassinger,Robert,Professor,Pädagogische Psychologie,82,2666
754,64,VISOTSCHNIG,Visotschnig,Marion Susanne,,Erziehungswissenschaft,114,2666
755,64,VISOTSCHNIG,Visotschnig,Marion Susanne,,Erziehungswissenschaft,128,2666
756,64,VISOTSCHNIG,Visotschnig,Marion Susanne,,Erziehungswissenschaft,50,2666
757,64,VISOTSCHNIG,Visotschnig,Marion Susanne,,Erziehungswissenschaft,82,2666
758,50,WIEDENHORN,Wiedenhorn,Thomas,akademischer Mitarbeiter,Erziehungswissenschaft,114,2666
759,50,WIEDENHORN,Wiedenhorn,Thomas,akademischer Mitarbeiter,Erziehungswissenschaft,128,2666
760,50,WIEDENHORN,Wiedenhorn,Thomas,akademischer Mitarbeiter,Erziehungswissenschaft,64,2666
761,50,WIEDENHORN,Wiedenhorn,Thomas,akademischer Mitarbeiter,Erziehungswissenschaft,82,2666
762,82,JANSSEN,Janssen,Markus,,Erziehungswissenschaft,114,2666
763,82,JANSSEN,Janssen,Markus,,Erziehungswissenschaft,128,2666
764,82,JANSSEN,Janssen,Markus,,Erziehungswissenschaft,64,2666
765,82,JANSSEN,Janssen,Markus,,Erziehungswissenschaft,50,2666
766,114,SCHNEBEL,Schnebel,Stefanie,Professorin,Erziehungswissenschaft,128,2667
767,114,SCHNEBEL,Schnebel,Stefanie,Professorin,Erziehungswissenschaft,114,2667
768,114,SCHNEBEL,Schnebel,Stefanie,Professorin,Erziehungswissenschaft,64,2667
769,114,SCHNEBEL,Schnebel,Stefanie,Professorin,Erziehungswissenschaft,50,2667
770,114,SCHNEBEL,Schnebel,Stefanie,Professorin,Erziehungswissenschaft,82,2667
771,128,GRASSINGER,Grassinger,Robert,Professor,Pädagogische Psychologie,114,2667
772,128,GRASSINGER,Grassinger,Robert,Professor,Pädagogische Psychologie,128,2667
773,128,GRASSINGER,Grassinger,Robert,Professor,Pädagogische Psychologie,64,2667
774,128,GRASSINGER,Grassinger,Robert,Professor,Pädagogische Psychologie,50,2667
775,128,GRASSINGER,Grassinger,Robert,Professor,Pädagogische Psychologie,82,2667
776,64,VISOTSCHNIG,Visotschnig,Marion Susanne,,Erziehungswissenschaft,114,2667
777,64,VISOTSCHNIG,Visotschnig,Marion Susanne,,Erziehungswissenschaft,128,2667
778,64,VISOTSCHNIG,Visotschnig,Marion Susanne,,Erziehungswissenschaft,50,2667
779,64,VISOTSCHNIG,Visotschnig,Marion Susanne,,Erziehungswissenschaft,82,2667
780,50,WIEDENHORN,Wiedenhorn,Thomas,akademischer Mitarbeiter,Erziehungswissenschaft,114,2667
781,50,WIEDENHORN,Wiedenhorn,Thomas,akademischer Mitarbeiter,Erziehungswissenschaft,128,2667
782,50,WIEDENHORN,Wiedenhorn,Thomas,akademischer Mitarbeiter,Erziehungswissenschaft,64,2667
783,50,WIEDENHORN,Wiedenhorn,Thomas,akademischer Mitarbeiter,Erziehungswissenschaft,82,2667
784,82,JANSSEN,Janssen,Markus,,Erziehungswissenschaft,114,2667
785,82,JANSSEN,Janssen,Markus,,Erziehungswissenschaft,128,2667
786,82,JANSSEN,Janssen,Markus,,Erziehungswissenschaft,64,2667
787,82,JANSSEN,Janssen,Markus,,Erziehungswissenschaft,50,2667
788,64,VISOTSCHNIG,Visotschnig,Marion Susanne,,Erziehungswissenschaft,114,2668
789,64,VISOTSCHNIG,Visotschnig,Marion Susanne,,Erziehungswissenschaft,128,2668
790,64,VISOTSCHNIG,Visotschnig,Marion Susanne,,Erziehungswissenschaft,48,2668
791,64,VISOTSCHNIG,Visotschnig,Marion Susanne,,Erziehungswissenschaft,64,2668
792,64,VISOTSCHNIG,Visotschnig,Marion Susanne,,Erziehungswissenschaft,50,2668
793,64,VISOTSCHNIG,Visotschnig,Marion Susanne,,Erziehungswissenschaft,82,2668
794,114,SCHNEBEL,Schnebel,Stefanie,Professorin,Erziehungswissenschaft,64,2668
795,114,SCHNEBEL,Schnebel,Stefanie,Professorin,Erziehungswissenschaft,128,2668
796,114,SCHNEBEL,Schnebel,Stefanie,Professorin,Erziehungswissenschaft,48,2668
797,114,SCHNEBEL,Schnebel,Stefanie,Professorin,Erziehungswissenschaft,114,2668
798,114,SCHNEBEL,Schnebel,Stefanie,Professorin,Erziehungswissenschaft,50,2668
799,114,SCHNEBEL,Schnebel,Stefanie,Professorin,Erziehungswissenschaft,82,2668
800,128,GRASSINGER,Grassinger,Robert,Professor,Pädagogische Psychologie,64,2668
801,128,GRASSINGER,Grassinger,Robert,Professor,Pädagogische Psychologie,114,2668
802,128,GRASSINGER,Grassinger,Robert,Professor,Pädagogische Psychologie,48,2668
803,128,GRASSINGER,Grassinger,Robert,Professor,Pädagogische Psychologie,128,2668
804,128,GRASSINGER,Grassinger,Robert,Professor,Pädagogische Psychologie,50,2668
805,128,GRASSINGER,Grassinger,Robert,Professor,Pädagogische Psychologie,82,2668
806,48,HILLEGEIST,Hillegeist,Kerstin,Sprecherzieherin,Deutsch mit Sprecherziehung,64,2668
807,48,HILLEGEIST,Hillegeist,Kerstin,Sprecherzieherin,Deutsch mit Sprecherziehung,114,2668
808,48,HILLEGEIST,Hillegeist,Kerstin,Sprecherzieherin,Deutsch mit Sprecherziehung,128,2668
809,48,HILLEGEIST,Hillegeist,Kerstin,Sprecherzieherin,Deutsch mit Sprecherziehung,50,2668
810,48,HILLEGEIST,Hillegeist,Kerstin,Sprecherzieherin,Deutsch mit Sprecherziehung,82,2668
811,50,WIEDENHORN,Wiedenhorn,Thomas,akademischer Mitarbeiter,Erziehungswissenschaft,64,2668
812,50,WIEDENHORN,Wiedenhorn,Thomas,akademischer Mitarbeiter,Erziehungswissenschaft,114,2668
813,50,WIEDENHORN,Wiedenhorn,Thomas,akademischer Mitarbeiter,Erziehungswissenschaft,128,2668
814,50,WIEDENHORN,Wiedenhorn,Thomas,akademischer Mitarbeiter,Erziehungswissenschaft,48,2668
815,50,WIEDENHORN,Wiedenhorn,Thomas,akademischer Mitarbeiter,Erziehungswissenschaft,82,2668
816,82,JANSSEN,Janssen,Markus,,Erziehungswissenschaft,64,2668
817,82,JANSSEN,Janssen,Markus,,Erziehungswissenschaft,114,2668
818,82,JANSSEN,Janssen,Markus,,Erziehungswissenschaft,128,2668
819,82,JANSSEN,Janssen,Markus,,Erziehungswissenschaft,48,2668
820,82,JANSSEN,Janssen,Markus,,Erziehungswissenschaft,50,2668
821,64,VISOTSCHNIG,Visotschnig,Marion Susanne,,Erziehungswissenschaft,114,2670
822,64,VISOTSCHNIG,Visotschnig,Marion Susanne,,Erziehungswissenschaft,85,2670
823,114,SCHNEBEL,Schnebel,Stefanie,Professorin,Erziehungswissenschaft,64,2670
824,114,SCHNEBEL,Schnebel,Stefanie,Professorin,Erziehungswissenschaft,85,2670
825,85,SCHMIDT,Schmidt,Christian,,Erziehungswissenschaft,64,2670
826,85,SCHMIDT,Schmidt,Christian,,Erziehungswissenschaft,114,2670
827,114,SCHNEBEL,Schnebel,Stefanie,Professorin,Erziehungswissenschaft,65,2671
828,114,SCHNEBEL,Schnebel,Stefanie,Professorin,Erziehungswissenschaft,64,2671
829,65,RAPP,Rapp,Hilke,Wissenschaftliche Mitarbeiterin,Erziehungswissenschaft,114,2671
830,65,RAPP,Rapp,Hilke,Wissenschaftliche Mitarbeiterin,Erziehungswissenschaft,64,2671
831,64,VISOTSCHNIG,Visotschnig,Marion Susanne,,Erziehungswissenschaft,114,2671
832,64,VISOTSCHNIG,Visotschnig,Marion Susanne,,Erziehungswissenschaft,65,2671
833,114,SCHNEBEL,Schnebel,Stefanie,Professorin,Erziehungswissenschaft,64,2672
834,64,VISOTSCHNIG,Visotschnig,Marion Susanne,,Erziehungswissenschaft,114,2672
835,92,BIEG,Bieg,Sonja,Professorin,Pädagogische Psychologie,128,2678
836,128,GRASSINGER,Grassinger,Robert,Professor,Pädagogische Psychologie,92,2678
837,128,GRASSINGER,Grassinger,Robert,Professor,Pädagogische Psychologie,114,2679
838,114,SCHNEBEL,Schnebel,Stefanie,Professorin,Erziehungswissenschaft,128,2679
839,92,BIEG,Bieg,Sonja,Professorin,Pädagogische Psychologie,128,2681
840,128,GRASSINGER,Grassinger,Robert,Professor,Pädagogische Psychologie,92,2681
841,92,BIEG,Bieg,Sonja,Professorin,Pädagogische Psychologie,128,2684
842,128,GRASSINGER,Grassinger,Robert,Professor,Pädagogische Psychologie,92,2684
843,114,SCHNEBEL,Schnebel,Stefanie,Professorin,Erziehungswissenschaft,128,2700
844,114,SCHNEBEL,Schnebel,Stefanie,Professorin,Erziehungswissenschaft,114,2700
845,128,GRASSINGER,Grassinger,Robert,Professor,Pädagogische Psychologie,114,2700
846,128,GRASSINGER,Grassinger,Robert,Professor,Pädagogische Psychologie,128,2700
847,128,GRASSINGER,Grassinger,Robert,Professor,Pädagogische Psychologie,70,2702
848,128,GRASSINGER,Grassinger,Robert,Professor,Pädagogische Psychologie,114,2702
849,128,GRASSINGER,Grassinger,Robert,Professor,Pädagogische Psychologie,15,2702
850,128,GRASSINGER,Grassinger,Robert,Professor,Pädagogische Psychologie,36,2702
851,70,KANSTEINER,Kansteiner,Katja,Professorin,Erziehungswissenschaft,128,2702
852,70,KANSTEINER,Kansteiner,Katja,Professorin,Erziehungswissenschaft,114,2702
853,70,KANSTEINER,Kansteiner,Katja,Professorin,Erziehungswissenschaft,15,2702
854,70,KANSTEINER,Kansteiner,Katja,Professorin,Erziehungswissenschaft,36,2702
855,114,SCHNEBEL,Schnebel,Stefanie,Professorin,Erziehungswissenschaft,128,2702
856,114,SCHNEBEL,Schnebel,Stefanie,Professorin,Erziehungswissenschaft,70,2702
857,114,SCHNEBEL,Schnebel,Stefanie,Professorin,Erziehungswissenschaft,15,2702
858,114,SCHNEBEL,Schnebel,Stefanie,Professorin,Erziehungswissenschaft,36,2702
859,15,Lang-Wojtasik,Lang-Wojtasik,Gregor,Direktor des ZeBiP/Studiendekan der Fakultät I,Erziehungswissenschaft,128,2702
860,15,Lang-Wojtasik,Lang-Wojtasik,Gregor,Direktor des ZeBiP/Studiendekan der Fakultät I,Erziehungswissenschaft,70,2702
861,15,Lang-Wojtasik,Lang-Wojtasik,Gregor,Direktor des ZeBiP/Studiendekan der Fakultät I,Erziehungswissenschaft,114,2702
862,15,Lang-Wojtasik,Lang-Wojtasik,Gregor,Direktor des ZeBiP/Studiendekan der Fakultät I,Erziehungswissenschaft,36,2702
863,36,KOENIG1,König,Stefan,Professor Sportwissenschaft,Sportwissenschaft,128,2702
864,36,KOENIG1,König,Stefan,Professor Sportwissenschaft,Sportwissenschaft,70,2702
865,36,KOENIG1,König,Stefan,Professor Sportwissenschaft,Sportwissenschaft,114,2702
866,36,KOENIG1,König,Stefan,Professor Sportwissenschaft,Sportwissenschaft,15,2702
867,90,BURMEISTER,Burmeister,Carolin,"Akademische Mitarbeiterin, Doktorandin",Pädagogische Psychologie,128,2703
868,90,BURMEISTER,Burmeister,Carolin,"Akademische Mitarbeiterin, Doktorandin",Pädagogische Psychologie,36,2703
869,90,BURMEISTER,Burmeister,Carolin,"Akademische Mitarbeiterin, Doktorandin",Pädagogische Psychologie,15,2703
870,128,GRASSINGER,Grassinger,Robert,Professor,Pädagogische Psychologie,90,2703
871,128,GRASSINGER,Grassinger,Robert,Professor,Pädagogische Psychologie,36,2703
872,128,GRASSINGER,Grassinger,Robert,Professor,Pädagogische Psychologie,15,2703
873,36,KOENIG1,König,Stefan,Professor Sportwissenschaft,Sportwissenschaft,90,2703
874,36,KOENIG1,König,Stefan,Professor Sportwissenschaft,Sportwissenschaft,128,2703
875,36,KOENIG1,König,Stefan,Professor Sportwissenschaft,Sportwissenschaft,15,2703
876,15,Lang-Wojtasik,Lang-Wojtasik,Gregor,Direktor des ZeBiP/Studiendekan der Fakultät I,Erziehungswissenschaft,90,2703
877,15,Lang-Wojtasik,Lang-Wojtasik,Gregor,Direktor des ZeBiP/Studiendekan der Fakultät I,Erziehungswissenschaft,128,2703
878,15,Lang-Wojtasik,Lang-Wojtasik,Gregor,Direktor des ZeBiP/Studiendekan der Fakultät I,Erziehungswissenschaft,36,2703
879,128,GRASSINGER,Grassinger,Robert,Professor,Pädagogische Psychologie,128,2710
880,128,GRASSINGER,Grassinger,Robert,Professor,Pädagogische Psychologie,128,2711
881,15,Lang-Wojtasik,Lang-Wojtasik,Gregor,Direktor des ZeBiP/Studiendekan der Fakultät I,Erziehungswissenschaft,40,2723
882,40,BERGMUELLER-HAUPTM1,Bergmüller-Hauptmann,Claudia,Professorin,Erziehungswissenschaft,15,2723
883,41,WICKER,Wicker,Carolin,,Erziehungswissenschaft,70,2752
884,41,WICKER,Wicker,Carolin,,Erziehungswissenschaft,75,2752
885,70,KANSTEINER,Kansteiner,Katja,Professorin,Erziehungswissenschaft,41,2752
886,70,KANSTEINER,Kansteiner,Katja,Professorin,Erziehungswissenschaft,75,2752
887,75,YEO,Yeo,Sarah,"Akademische Mitarbeiterin, Qualifizierungsleitung",Erziehungswissenschaft,41,2752
888,75,YEO,Yeo,Sarah,"Akademische Mitarbeiterin, Qualifizierungsleitung",Erziehungswissenschaft,70,2752
889,50,WIEDENHORN,Wiedenhorn,Thomas,akademischer Mitarbeiter,Erziehungswissenschaft,64,2800
890,50,WIEDENHORN,Wiedenhorn,Thomas,akademischer Mitarbeiter,Erziehungswissenschaft,128,2800
891,50,WIEDENHORN,Wiedenhorn,Thomas,akademischer Mitarbeiter,Erziehungswissenschaft,114,2800
892,50,WIEDENHORN,Wiedenhorn,Thomas,akademischer Mitarbeiter,Erziehungswissenschaft,82,2800
893,64,VISOTSCHNIG,Visotschnig,Marion Susanne,,Erziehungswissenschaft,50,2800
894,64,VISOTSCHNIG,Visotschnig,Marion Susanne,,Erziehungswissenschaft,128,2800
895,64,VISOTSCHNIG,Visotschnig,Marion Susanne,,Erziehungswissenschaft,114,2800
896,64,VISOTSCHNIG,Visotschnig,Marion Susanne,,Erziehungswissenschaft,82,2800
897,128,GRASSINGER,Grassinger,Robert,Professor,Pädagogische Psychologie,50,2800
898,128,GRASSINGER,Grassinger,Robert,Professor,Pädagogische Psychologie,64,2800
899,128,GRASSINGER,Grassinger,Robert,Professor,Pädagogische Psychologie,114,2800
900,128,GRASSINGER,Grassinger,Robert,Professor,Pädagogische Psychologie,82,2800
901,114,SCHNEBEL,Schnebel,Stefanie,Professorin,Erziehungswissenschaft,50,2800
902,114,SCHNEBEL,Schnebel,Stefanie,Professorin,Erziehungswissenschaft,64,2800
903,114,SCHNEBEL,Schnebel,Stefanie,Professorin,Erziehungswissenschaft,128,2800
904,114,SCHNEBEL,Schnebel,Stefanie,Professorin,Erziehungswissenschaft,82,2800
905,82,JANSSEN,Janssen,Markus,,Erziehungswissenschaft,50,2800
906,82,JANSSEN,Janssen,Markus,,Erziehungswissenschaft,64,2800
907,82,JANSSEN,Janssen,Markus,,Erziehungswissenschaft,128,2800
908,82,JANSSEN,Janssen,Markus,,Erziehungswissenschaft,114,2800
909,15,Lang-Wojtasik,Lang-Wojtasik,Gregor,Direktor des ZeBiP/Studiendekan der Fakultät I,Erziehungswissenschaft,139,2829
910,15,Lang-Wojtasik,Lang-Wojtasik,Gregor,Direktor des ZeBiP/Studiendekan der Fakultät I,Erziehungswissenschaft,40,2829
911,139,HITZELBERGER,Hitzelberger,Mirjam,Wissenschaftliche Mitarbeiterin,Erziehungswissenschaft,15,2829
912,139,HITZELBERGER,Hitzelberger,Mirjam,Wissenschaftliche Mitarbeiterin,Erziehungswissenschaft,40,2829
913,40,BERGMUELLER-HAUPTM1,Bergmüller-Hauptmann,Claudia,Professorin,Erziehungswissenschaft,15,2829
914,40,BERGMUELLER-HAUPTM1,Bergmüller-Hauptmann,Claudia,Professorin,Erziehungswissenschaft,139,2829
915,15,Lang-Wojtasik,Lang-Wojtasik,Gregor,Direktor des ZeBiP/Studiendekan der Fakultät I,Erziehungswissenschaft,139,2832
916,15,Lang-Wojtasik,Lang-Wojtasik,Gregor,Direktor des ZeBiP/Studiendekan der Fakultät I,Erziehungswissenschaft,40,2832
917,139,HITZELBERGER,Hitzelberger,Mirjam,Wissenschaftliche Mitarbeiterin,Erziehungswissenschaft,15,2832
918,139,HITZELBERGER,Hitzelberger,Mirjam,Wissenschaftliche Mitarbeiterin,Erziehungswissenschaft,40,2832
919,40,BERGMUELLER-HAUPTM1,Bergmüller-Hauptmann,Claudia,Professorin,Erziehungswissenschaft,15,2832
920,40,BERGMUELLER-HAUPTM1,Bergmüller-Hauptmann,Claudia,Professorin,Erziehungswissenschaft,139,2832
921,39,WEYERMANN,Uhl,Elke,Wissenschaftliche Mitarbeiterin und Doktorandin,Sportwissenschaft,122,2879
922,122,BRIEMLE,Briemle,Laura,wissenschaftliche Mitarbeiterin ,Sportwissenschaft,39,2879
923,36,KOENIG1,König,Stefan,Professor Sportwissenschaft,Sportwissenschaft,122,2874
924,36,KOENIG1,König,Stefan,Professor Sportwissenschaft,Sportwissenschaft,39,2874
925,122,BRIEMLE,Briemle,Laura,wissenschaftliche Mitarbeiterin ,Sportwissenschaft,36,2874
926,122,BRIEMLE,Briemle,Laura,wissenschaftliche Mitarbeiterin ,Sportwissenschaft,39,2874
927,39,WEYERMANN,Uhl,Elke,Wissenschaftliche Mitarbeiterin und Doktorandin,Sportwissenschaft,36,2874
928,39,WEYERMANN,Uhl,Elke,Wissenschaftliche Mitarbeiterin und Doktorandin,Sportwissenschaft,122,2874
929,36,KOENIG1,König,Stefan,Professor Sportwissenschaft,Sportwissenschaft,39,2875
930,39,WEYERMANN,Uhl,Elke,Wissenschaftliche Mitarbeiterin und Doktorandin,Sportwissenschaft,36,2875
931,36,KOENIG1,König,Stefan,Professor Sportwissenschaft,Sportwissenschaft,39,2877
932,39,WEYERMANN,Uhl,Elke,Wissenschaftliche Mitarbeiterin und Doktorandin,Sportwissenschaft,36,2877
933,122,BRIEMLE,Briemle,Laura,wissenschaftliche Mitarbeiterin ,Sportwissenschaft,39,2878
934,39,WEYERMANN,Uhl,Elke,Wissenschaftliche Mitarbeiterin und Doktorandin,Sportwissenschaft,122,2878
935,29,SCHLACHTER,Schlachter,Birgit,,Deutsch mit Sprecherziehung,103,2882
936,103,STEINMETZ,Steinmetz,Michael,Professor (Schwerpunkt Literaturdidaktik),Deutsch mit Sprecherziehung,29,2882
937,103,STEINMETZ,Steinmetz,Michael,Professor (Schwerpunkt Literaturdidaktik),Deutsch mit Sprecherziehung,103,2882
938,36,KOENIG1,König,Stefan,Professor Sportwissenschaft,Sportwissenschaft,39,2889
939,39,WEYERMANN,Uhl,Elke,Wissenschaftliche Mitarbeiterin und Doktorandin,Sportwissenschaft,36,2889
940,29,SCHLACHTER,Schlachter,Birgit,,Deutsch mit Sprecherziehung,103,2906
941,103,STEINMETZ,Steinmetz,Michael,Professor (Schwerpunkt Literaturdidaktik),Deutsch mit Sprecherziehung,29,2906
942,29,SCHLACHTER,Schlachter,Birgit,,Deutsch mit Sprecherziehung,103,2910
943,103,STEINMETZ,Steinmetz,Michael,Professor (Schwerpunkt Literaturdidaktik),Deutsch mit Sprecherziehung,29,2910
944,29,SCHLACHTER,Schlachter,Birgit,,Deutsch mit Sprecherziehung,103,2911
945,103,STEINMETZ,Steinmetz,Michael,Professor (Schwerpunkt Literaturdidaktik),Deutsch mit Sprecherziehung,29,2911
946,29,SCHLACHTER,Schlachter,Birgit,,Deutsch mit Sprecherziehung,103,2912
947,103,STEINMETZ,Steinmetz,Michael,Professor (Schwerpunkt Literaturdidaktik),Deutsch mit Sprecherziehung,29,2912
948,29,SCHLACHTER,Schlachter,Birgit,,Deutsch mit Sprecherziehung,103,2914
949,103,STEINMETZ,Steinmetz,Michael,Professor (Schwerpunkt Literaturdidaktik),Deutsch mit Sprecherziehung,29,2914
950,39,WEYERMANN,Uhl,Elke,Wissenschaftliche Mitarbeiterin und Doktorandin,Sportwissenschaft,36,2923
951,36,KOENIG1,König,Stefan,Professor Sportwissenschaft,Sportwissenschaft,39,2923
952,122,BRIEMLE,Briemle,Laura,wissenschaftliche Mitarbeiterin ,Sportwissenschaft,39,2924
953,122,BRIEMLE,Briemle,Laura,wissenschaftliche Mitarbeiterin ,Sportwissenschaft,36,2924
954,39,WEYERMANN,Uhl,Elke,Wissenschaftliche Mitarbeiterin und Doktorandin,Sportwissenschaft,122,2924
955,39,WEYERMANN,Uhl,Elke,Wissenschaftliche Mitarbeiterin und Doktorandin,Sportwissenschaft,36,2924
956,36,KOENIG1,König,Stefan,Professor Sportwissenschaft,Sportwissenschaft,122,2924
957,36,KOENIG1,König,Stefan,Professor Sportwissenschaft,Sportwissenschaft,39,2924
958,68,KOMM,Komm,Ellen,abgeordnete Lehrkraft ,Mathematik,30,2925
959,30,HUHMANN1,Huhmann,Tobias,Professor / Zentrumsdirektor Forschungszentrum,Mathematik,68,2925
