<?xml version="1.0" encoding="utf-8"?>
<fdb_projekte_mitarbeiter>
  <projekt_mitarbeiter id="157">
    <id_projekt>26</id_projekt>
    <id_mitarbeiter>70</id_mitarbeiter>
    <ist_leiter>1</ist_leiter>
  </projekt_mitarbeiter>
  <projekt_mitarbeiter id="3">
    <id_projekt>4</id_projekt>
    <id_mitarbeiter>10</id_mitarbeiter>
    <ist_leiter>1</ist_leiter>
  </projekt_mitarbeiter>
  <projekt_mitarbeiter id="66">
    <id_projekt>60</id_projekt>
    <id_mitarbeiter>36</id_mitarbeiter>
    <ist_leiter>1</ist_leiter>
  </projekt_mitarbeiter>
  <projekt_mitarbeiter id="7">
    <id_projekt>8</id_projekt>
    <id_mitarbeiter>10</id_mitarbeiter>
    <ist_leiter>1</ist_leiter>
  </projekt_mitarbeiter>
  <projekt_mitarbeiter id="46">
    <id_projekt>57</id_projekt>
    <id_mitarbeiter>15</id_mitarbeiter>
    <ist_leiter>1</ist_leiter>
  </projekt_mitarbeiter>
  <projekt_mitarbeiter id="209">
    <id_projekt>203</id_projekt>
    <id_mitarbeiter>82</id_mitarbeiter>
    <ist_leiter>0</ist_leiter>
  </projekt_mitarbeiter>
  <projekt_mitarbeiter id="32">
    <id_projekt>41</id_projekt>
    <id_mitarbeiter>27</id_mitarbeiter>
    <ist_leiter>0</ist_leiter>
  </projekt_mitarbeiter>
  <projekt_mitarbeiter id="194">
    <id_projekt>31</id_projekt>
    <id_mitarbeiter>70</id_mitarbeiter>
    <ist_leiter>1</ist_leiter>
  </projekt_mitarbeiter>
  <projekt_mitarbeiter id="13">
    <id_projekt>11</id_projekt>
    <id_mitarbeiter>10</id_mitarbeiter>
    <ist_leiter>1</ist_leiter>
  </projekt_mitarbeiter>
  <projekt_mitarbeiter id="14">
    <id_projekt>12</id_projekt>
    <id_mitarbeiter>10</id_mitarbeiter>
    <ist_leiter>1</ist_leiter>
  </projekt_mitarbeiter>
  <projekt_mitarbeiter id="15">
    <id_projekt>13</id_projekt>
    <id_mitarbeiter>10</id_mitarbeiter>
    <ist_leiter>1</ist_leiter>
  </projekt_mitarbeiter>
  <projekt_mitarbeiter id="16">
    <id_projekt>14</id_projekt>
    <id_mitarbeiter>10</id_mitarbeiter>
    <ist_leiter>1</ist_leiter>
  </projekt_mitarbeiter>
  <projekt_mitarbeiter id="17">
    <id_projekt>15</id_projekt>
    <id_mitarbeiter>10</id_mitarbeiter>
    <ist_leiter>1</ist_leiter>
  </projekt_mitarbeiter>
  <projekt_mitarbeiter id="18">
    <id_projekt>4</id_projekt>
    <id_mitarbeiter>15</id_mitarbeiter>
    <ist_leiter>0</ist_leiter>
  </projekt_mitarbeiter>
  <projekt_mitarbeiter id="20">
    <id_projekt>16</id_projekt>
    <id_mitarbeiter>10</id_mitarbeiter>
    <ist_leiter>1</ist_leiter>
  </projekt_mitarbeiter>
  <projekt_mitarbeiter id="21">
    <id_projekt>19</id_projekt>
    <id_mitarbeiter>14</id_mitarbeiter>
    <ist_leiter>1</ist_leiter>
  </projekt_mitarbeiter>
  <projekt_mitarbeiter id="156">
    <id_projekt>6</id_projekt>
    <id_mitarbeiter>41</id_mitarbeiter>
    <ist_leiter>1</ist_leiter>
  </projekt_mitarbeiter>
  <projekt_mitarbeiter id="23">
    <id_projekt>34</id_projekt>
    <id_mitarbeiter>26</id_mitarbeiter>
    <ist_leiter>1</ist_leiter>
  </projekt_mitarbeiter>
  <projekt_mitarbeiter id="24">
    <id_projekt>35</id_projekt>
    <id_mitarbeiter>26</id_mitarbeiter>
    <ist_leiter>1</ist_leiter>
  </projekt_mitarbeiter>
  <projekt_mitarbeiter id="25">
    <id_projekt>36</id_projekt>
    <id_mitarbeiter>26</id_mitarbeiter>
    <ist_leiter>1</ist_leiter>
  </projekt_mitarbeiter>
  <projekt_mitarbeiter id="26">
    <id_projekt>37</id_projekt>
    <id_mitarbeiter>26</id_mitarbeiter>
    <ist_leiter>1</ist_leiter>
  </projekt_mitarbeiter>
  <projekt_mitarbeiter id="27">
    <id_projekt>38</id_projekt>
    <id_mitarbeiter>14</id_mitarbeiter>
    <ist_leiter>1</ist_leiter>
  </projekt_mitarbeiter>
  <projekt_mitarbeiter id="28">
    <id_projekt>24</id_projekt>
    <id_mitarbeiter>14</id_mitarbeiter>
    <ist_leiter>0</ist_leiter>
  </projekt_mitarbeiter>
  <projekt_mitarbeiter id="69">
    <id_projekt>62</id_projekt>
    <id_mitarbeiter>36</id_mitarbeiter>
    <ist_leiter>1</ist_leiter>
  </projekt_mitarbeiter>
  <projekt_mitarbeiter id="30">
    <id_projekt>39</id_projekt>
    <id_mitarbeiter>14</id_mitarbeiter>
    <ist_leiter>0</ist_leiter>
  </projekt_mitarbeiter>
  <projekt_mitarbeiter id="31">
    <id_projekt>40</id_projekt>
    <id_mitarbeiter>14</id_mitarbeiter>
    <ist_leiter>1</ist_leiter>
  </projekt_mitarbeiter>
  <projekt_mitarbeiter id="33">
    <id_projekt>42</id_projekt>
    <id_mitarbeiter>27</id_mitarbeiter>
    <ist_leiter>0</ist_leiter>
  </projekt_mitarbeiter>
  <projekt_mitarbeiter id="34">
    <id_projekt>43</id_projekt>
    <id_mitarbeiter>16</id_mitarbeiter>
    <ist_leiter>1</ist_leiter>
  </projekt_mitarbeiter>
  <projekt_mitarbeiter id="61">
    <id_projekt>87</id_projekt>
    <id_mitarbeiter>15</id_mitarbeiter>
    <ist_leiter>1</ist_leiter>
  </projekt_mitarbeiter>
  <projekt_mitarbeiter id="36">
    <id_projekt>45</id_projekt>
    <id_mitarbeiter>16</id_mitarbeiter>
    <ist_leiter>1</ist_leiter>
  </projekt_mitarbeiter>
  <projekt_mitarbeiter id="37">
    <id_projekt>46</id_projekt>
    <id_mitarbeiter>16</id_mitarbeiter>
    <ist_leiter>1</ist_leiter>
  </projekt_mitarbeiter>
  <projekt_mitarbeiter id="38">
    <id_projekt>47</id_projekt>
    <id_mitarbeiter>16</id_mitarbeiter>
    <ist_leiter>1</ist_leiter>
  </projekt_mitarbeiter>
  <projekt_mitarbeiter id="39">
    <id_projekt>48</id_projekt>
    <id_mitarbeiter>16</id_mitarbeiter>
    <ist_leiter>1</ist_leiter>
  </projekt_mitarbeiter>
  <projekt_mitarbeiter id="40">
    <id_projekt>49</id_projekt>
    <id_mitarbeiter>16</id_mitarbeiter>
    <ist_leiter>1</ist_leiter>
  </projekt_mitarbeiter>
  <projekt_mitarbeiter id="41">
    <id_projekt>50</id_projekt>
    <id_mitarbeiter>16</id_mitarbeiter>
    <ist_leiter>1</ist_leiter>
  </projekt_mitarbeiter>
  <projekt_mitarbeiter id="42">
    <id_projekt>51</id_projekt>
    <id_mitarbeiter>16</id_mitarbeiter>
    <ist_leiter>1</ist_leiter>
  </projekt_mitarbeiter>
  <projekt_mitarbeiter id="43">
    <id_projekt>52</id_projekt>
    <id_mitarbeiter>16</id_mitarbeiter>
    <ist_leiter>1</ist_leiter>
  </projekt_mitarbeiter>
  <projekt_mitarbeiter id="44">
    <id_projekt>53</id_projekt>
    <id_mitarbeiter>16</id_mitarbeiter>
    <ist_leiter>1</ist_leiter>
  </projekt_mitarbeiter>
  <projekt_mitarbeiter id="48">
    <id_projekt>58</id_projekt>
    <id_mitarbeiter>38</id_mitarbeiter>
    <ist_leiter>1</ist_leiter>
  </projekt_mitarbeiter>
  <projekt_mitarbeiter id="67">
    <id_projekt>61</id_projekt>
    <id_mitarbeiter>36</id_mitarbeiter>
    <ist_leiter>1</ist_leiter>
  </projekt_mitarbeiter>
  <projekt_mitarbeiter id="68">
    <id_projekt>39</id_projekt>
    <id_mitarbeiter>36</id_mitarbeiter>
    <ist_leiter>1</ist_leiter>
  </projekt_mitarbeiter>
  <projekt_mitarbeiter id="70">
    <id_projekt>89</id_projekt>
    <id_mitarbeiter>42</id_mitarbeiter>
    <ist_leiter>1</ist_leiter>
  </projekt_mitarbeiter>
  <projekt_mitarbeiter id="52">
    <id_projekt>62</id_projekt>
    <id_mitarbeiter>39</id_mitarbeiter>
    <ist_leiter>0</ist_leiter>
  </projekt_mitarbeiter>
  <projekt_mitarbeiter id="53">
    <id_projekt>60</id_projekt>
    <id_mitarbeiter>39</id_mitarbeiter>
    <ist_leiter>1</ist_leiter>
  </projekt_mitarbeiter>
  <projekt_mitarbeiter id="54">
    <id_projekt>61</id_projekt>
    <id_mitarbeiter>39</id_mitarbeiter>
    <ist_leiter>1</ist_leiter>
  </projekt_mitarbeiter>
  <projekt_mitarbeiter id="55">
    <id_projekt>65</id_projekt>
    <id_mitarbeiter>35</id_mitarbeiter>
    <ist_leiter>0</ist_leiter>
  </projekt_mitarbeiter>
  <projekt_mitarbeiter id="56">
    <id_projekt>74</id_projekt>
    <id_mitarbeiter>15</id_mitarbeiter>
    <ist_leiter>1</ist_leiter>
  </projekt_mitarbeiter>
  <projekt_mitarbeiter id="57">
    <id_projekt>75</id_projekt>
    <id_mitarbeiter>31</id_mitarbeiter>
    <ist_leiter>1</ist_leiter>
  </projekt_mitarbeiter>
  <projekt_mitarbeiter id="59">
    <id_projekt>78</id_projekt>
    <id_mitarbeiter>16</id_mitarbeiter>
    <ist_leiter>1</ist_leiter>
  </projekt_mitarbeiter>
  <projekt_mitarbeiter id="208">
    <id_projekt>202</id_projekt>
    <id_mitarbeiter>50</id_mitarbeiter>
    <ist_leiter>0</ist_leiter>
  </projekt_mitarbeiter>
  <projekt_mitarbeiter id="62">
    <id_projekt>5</id_projekt>
    <id_mitarbeiter>39</id_mitarbeiter>
    <ist_leiter>1</ist_leiter>
  </projekt_mitarbeiter>
  <projekt_mitarbeiter id="213">
    <id_projekt>174</id_projekt>
    <id_mitarbeiter>64</id_mitarbeiter>
    <ist_leiter>1</ist_leiter>
  </projekt_mitarbeiter>
  <projekt_mitarbeiter id="64">
    <id_projekt>88</id_projekt>
    <id_mitarbeiter>49</id_mitarbeiter>
    <ist_leiter>1</ist_leiter>
  </projekt_mitarbeiter>
  <projekt_mitarbeiter id="65">
    <id_projekt>5</id_projekt>
    <id_mitarbeiter>36</id_mitarbeiter>
    <ist_leiter>1</ist_leiter>
  </projekt_mitarbeiter>
  <projekt_mitarbeiter id="71">
    <id_projekt>90</id_projekt>
    <id_mitarbeiter>40</id_mitarbeiter>
    <ist_leiter>1</ist_leiter>
  </projekt_mitarbeiter>
  <projekt_mitarbeiter id="72">
    <id_projekt>91</id_projekt>
    <id_mitarbeiter>40</id_mitarbeiter>
    <ist_leiter>1</ist_leiter>
  </projekt_mitarbeiter>
  <projekt_mitarbeiter id="73">
    <id_projekt>92</id_projekt>
    <id_mitarbeiter>40</id_mitarbeiter>
    <ist_leiter>1</ist_leiter>
  </projekt_mitarbeiter>
  <projekt_mitarbeiter id="74">
    <id_projekt>93</id_projekt>
    <id_mitarbeiter>40</id_mitarbeiter>
    <ist_leiter>1</ist_leiter>
  </projekt_mitarbeiter>
  <projekt_mitarbeiter id="75">
    <id_projekt>94</id_projekt>
    <id_mitarbeiter>40</id_mitarbeiter>
    <ist_leiter>1</ist_leiter>
  </projekt_mitarbeiter>
  <projekt_mitarbeiter id="76">
    <id_projekt>95</id_projekt>
    <id_mitarbeiter>40</id_mitarbeiter>
    <ist_leiter>1</ist_leiter>
  </projekt_mitarbeiter>
  <projekt_mitarbeiter id="77">
    <id_projekt>96</id_projekt>
    <id_mitarbeiter>40</id_mitarbeiter>
    <ist_leiter>1</ist_leiter>
  </projekt_mitarbeiter>
  <projekt_mitarbeiter id="78">
    <id_projekt>97</id_projekt>
    <id_mitarbeiter>40</id_mitarbeiter>
    <ist_leiter>0</ist_leiter>
  </projekt_mitarbeiter>
  <projekt_mitarbeiter id="79">
    <id_projekt>98</id_projekt>
    <id_mitarbeiter>40</id_mitarbeiter>
    <ist_leiter>1</ist_leiter>
  </projekt_mitarbeiter>
  <projekt_mitarbeiter id="80">
    <id_projekt>99</id_projekt>
    <id_mitarbeiter>40</id_mitarbeiter>
    <ist_leiter>1</ist_leiter>
  </projekt_mitarbeiter>
  <projekt_mitarbeiter id="81">
    <id_projekt>100</id_projekt>
    <id_mitarbeiter>40</id_mitarbeiter>
    <ist_leiter>1</ist_leiter>
  </projekt_mitarbeiter>
  <projekt_mitarbeiter id="82">
    <id_projekt>101</id_projekt>
    <id_mitarbeiter>40</id_mitarbeiter>
    <ist_leiter>1</ist_leiter>
  </projekt_mitarbeiter>
  <projekt_mitarbeiter id="83">
    <id_projekt>102</id_projekt>
    <id_mitarbeiter>40</id_mitarbeiter>
    <ist_leiter>1</ist_leiter>
  </projekt_mitarbeiter>
  <projekt_mitarbeiter id="206">
    <id_projekt>198</id_projekt>
    <id_mitarbeiter>43</id_mitarbeiter>
    <ist_leiter>0</ist_leiter>
  </projekt_mitarbeiter>
  <projekt_mitarbeiter id="87">
    <id_projekt>104</id_projekt>
    <id_mitarbeiter>55</id_mitarbeiter>
    <ist_leiter>1</ist_leiter>
  </projekt_mitarbeiter>
  <projekt_mitarbeiter id="88">
    <id_projekt>105</id_projekt>
    <id_mitarbeiter>55</id_mitarbeiter>
    <ist_leiter>1</ist_leiter>
  </projekt_mitarbeiter>
  <projekt_mitarbeiter id="89">
    <id_projekt>105</id_projekt>
    <id_mitarbeiter>25</id_mitarbeiter>
    <ist_leiter>0</ist_leiter>
  </projekt_mitarbeiter>
  <projekt_mitarbeiter id="90">
    <id_projekt>106</id_projekt>
    <id_mitarbeiter>55</id_mitarbeiter>
    <ist_leiter>1</ist_leiter>
  </projekt_mitarbeiter>
  <projekt_mitarbeiter id="91">
    <id_projekt>107</id_projekt>
    <id_mitarbeiter>55</id_mitarbeiter>
    <ist_leiter>1</ist_leiter>
  </projekt_mitarbeiter>
  <projekt_mitarbeiter id="92">
    <id_projekt>107</id_projekt>
    <id_mitarbeiter>35</id_mitarbeiter>
    <ist_leiter>0</ist_leiter>
  </projekt_mitarbeiter>
  <projekt_mitarbeiter id="93">
    <id_projekt>108</id_projekt>
    <id_mitarbeiter>55</id_mitarbeiter>
    <ist_leiter>0</ist_leiter>
  </projekt_mitarbeiter>
  <projekt_mitarbeiter id="94">
    <id_projekt>109</id_projekt>
    <id_mitarbeiter>10</id_mitarbeiter>
    <ist_leiter>1</ist_leiter>
  </projekt_mitarbeiter>
  <projekt_mitarbeiter id="95">
    <id_projekt>109</id_projekt>
    <id_mitarbeiter>16</id_mitarbeiter>
    <ist_leiter>0</ist_leiter>
  </projekt_mitarbeiter>
  <projekt_mitarbeiter id="96">
    <id_projekt>110</id_projekt>
    <id_mitarbeiter>40</id_mitarbeiter>
    <ist_leiter>1</ist_leiter>
  </projekt_mitarbeiter>
  <projekt_mitarbeiter id="97">
    <id_projekt>111</id_projekt>
    <id_mitarbeiter>40</id_mitarbeiter>
    <ist_leiter>1</ist_leiter>
  </projekt_mitarbeiter>
  <projekt_mitarbeiter id="98">
    <id_projekt>112</id_projekt>
    <id_mitarbeiter>14</id_mitarbeiter>
    <ist_leiter>1</ist_leiter>
  </projekt_mitarbeiter>
  <projekt_mitarbeiter id="99">
    <id_projekt>117</id_projekt>
    <id_mitarbeiter>10</id_mitarbeiter>
    <ist_leiter>1</ist_leiter>
  </projekt_mitarbeiter>
  <projekt_mitarbeiter id="201">
    <id_projekt>115</id_projekt>
    <id_mitarbeiter>77</id_mitarbeiter>
    <ist_leiter>1</ist_leiter>
  </projekt_mitarbeiter>
  <projekt_mitarbeiter id="103">
    <id_projekt>126</id_projekt>
    <id_mitarbeiter>54</id_mitarbeiter>
    <ist_leiter>0</ist_leiter>
  </projekt_mitarbeiter>
  <projekt_mitarbeiter id="104">
    <id_projekt>128</id_projekt>
    <id_mitarbeiter>60</id_mitarbeiter>
    <ist_leiter>0</ist_leiter>
  </projekt_mitarbeiter>
  <projekt_mitarbeiter id="105">
    <id_projekt>129</id_projekt>
    <id_mitarbeiter>57</id_mitarbeiter>
    <ist_leiter>1</ist_leiter>
  </projekt_mitarbeiter>
  <projekt_mitarbeiter id="106">
    <id_projekt>130</id_projekt>
    <id_mitarbeiter>58</id_mitarbeiter>
    <ist_leiter>1</ist_leiter>
  </projekt_mitarbeiter>
  <projekt_mitarbeiter id="107">
    <id_projekt>133</id_projekt>
    <id_mitarbeiter>58</id_mitarbeiter>
    <ist_leiter>0</ist_leiter>
  </projekt_mitarbeiter>
  <projekt_mitarbeiter id="108">
    <id_projekt>135</id_projekt>
    <id_mitarbeiter>58</id_mitarbeiter>
    <ist_leiter>0</ist_leiter>
  </projekt_mitarbeiter>
  <projekt_mitarbeiter id="109">
    <id_projekt>136</id_projekt>
    <id_mitarbeiter>58</id_mitarbeiter>
    <ist_leiter>0</ist_leiter>
  </projekt_mitarbeiter>
  <projekt_mitarbeiter id="110">
    <id_projekt>137</id_projekt>
    <id_mitarbeiter>58</id_mitarbeiter>
    <ist_leiter>0</ist_leiter>
  </projekt_mitarbeiter>
  <projekt_mitarbeiter id="111">
    <id_projekt>138</id_projekt>
    <id_mitarbeiter>58</id_mitarbeiter>
    <ist_leiter>0</ist_leiter>
  </projekt_mitarbeiter>
  <projekt_mitarbeiter id="112">
    <id_projekt>142</id_projekt>
    <id_mitarbeiter>57</id_mitarbeiter>
    <ist_leiter>0</ist_leiter>
  </projekt_mitarbeiter>
  <projekt_mitarbeiter id="113">
    <id_projekt>143</id_projekt>
    <id_mitarbeiter>58</id_mitarbeiter>
    <ist_leiter>0</ist_leiter>
  </projekt_mitarbeiter>
  <projekt_mitarbeiter id="116">
    <id_projekt>145</id_projekt>
    <id_mitarbeiter>57</id_mitarbeiter>
    <ist_leiter>0</ist_leiter>
  </projekt_mitarbeiter>
  <projekt_mitarbeiter id="115">
    <id_projekt>145</id_projekt>
    <id_mitarbeiter>52</id_mitarbeiter>
    <ist_leiter>1</ist_leiter>
  </projekt_mitarbeiter>
  <projekt_mitarbeiter id="117">
    <id_projekt>147</id_projekt>
    <id_mitarbeiter>58</id_mitarbeiter>
    <ist_leiter>0</ist_leiter>
  </projekt_mitarbeiter>
  <projekt_mitarbeiter id="118">
    <id_projekt>149</id_projekt>
    <id_mitarbeiter>58</id_mitarbeiter>
    <ist_leiter>0</ist_leiter>
  </projekt_mitarbeiter>
  <projekt_mitarbeiter id="119">
    <id_projekt>152</id_projekt>
    <id_mitarbeiter>58</id_mitarbeiter>
    <ist_leiter>0</ist_leiter>
  </projekt_mitarbeiter>
  <projekt_mitarbeiter id="120">
    <id_projekt>128</id_projekt>
    <id_mitarbeiter>52</id_mitarbeiter>
    <ist_leiter>1</ist_leiter>
  </projekt_mitarbeiter>
  <projekt_mitarbeiter id="121">
    <id_projekt>150</id_projekt>
    <id_mitarbeiter>52</id_mitarbeiter>
    <ist_leiter>1</ist_leiter>
  </projekt_mitarbeiter>
  <projekt_mitarbeiter id="122">
    <id_projekt>131</id_projekt>
    <id_mitarbeiter>52</id_mitarbeiter>
    <ist_leiter>1</ist_leiter>
  </projekt_mitarbeiter>
  <projekt_mitarbeiter id="123">
    <id_projekt>141</id_projekt>
    <id_mitarbeiter>52</id_mitarbeiter>
    <ist_leiter>1</ist_leiter>
  </projekt_mitarbeiter>
  <projekt_mitarbeiter id="124">
    <id_projekt>140</id_projekt>
    <id_mitarbeiter>52</id_mitarbeiter>
    <ist_leiter>1</ist_leiter>
  </projekt_mitarbeiter>
  <projekt_mitarbeiter id="125">
    <id_projekt>153</id_projekt>
    <id_mitarbeiter>52</id_mitarbeiter>
    <ist_leiter>1</ist_leiter>
  </projekt_mitarbeiter>
  <projekt_mitarbeiter id="126">
    <id_projekt>151</id_projekt>
    <id_mitarbeiter>52</id_mitarbeiter>
    <ist_leiter>1</ist_leiter>
  </projekt_mitarbeiter>
  <projekt_mitarbeiter id="127">
    <id_projekt>152</id_projekt>
    <id_mitarbeiter>52</id_mitarbeiter>
    <ist_leiter>1</ist_leiter>
  </projekt_mitarbeiter>
  <projekt_mitarbeiter id="128">
    <id_projekt>149</id_projekt>
    <id_mitarbeiter>52</id_mitarbeiter>
    <ist_leiter>1</ist_leiter>
  </projekt_mitarbeiter>
  <projekt_mitarbeiter id="129">
    <id_projekt>143</id_projekt>
    <id_mitarbeiter>52</id_mitarbeiter>
    <ist_leiter>1</ist_leiter>
  </projekt_mitarbeiter>
  <projekt_mitarbeiter id="131">
    <id_projekt>127</id_projekt>
    <id_mitarbeiter>52</id_mitarbeiter>
    <ist_leiter>1</ist_leiter>
  </projekt_mitarbeiter>
  <projekt_mitarbeiter id="132">
    <id_projekt>127</id_projekt>
    <id_mitarbeiter>60</id_mitarbeiter>
    <ist_leiter>0</ist_leiter>
  </projekt_mitarbeiter>
  <projekt_mitarbeiter id="133">
    <id_projekt>154</id_projekt>
    <id_mitarbeiter>63</id_mitarbeiter>
    <ist_leiter>1</ist_leiter>
  </projekt_mitarbeiter>
  <projekt_mitarbeiter id="134">
    <id_projekt>126</id_projekt>
    <id_mitarbeiter>63</id_mitarbeiter>
    <ist_leiter>0</ist_leiter>
  </projekt_mitarbeiter>
  <projekt_mitarbeiter id="137">
    <id_projekt>109</id_projekt>
    <id_mitarbeiter>49</id_mitarbeiter>
    <ist_leiter>0</ist_leiter>
  </projekt_mitarbeiter>
  <projekt_mitarbeiter id="138">
    <id_projekt>109</id_projekt>
    <id_mitarbeiter>30</id_mitarbeiter>
    <ist_leiter>0</ist_leiter>
  </projekt_mitarbeiter>
  <projekt_mitarbeiter id="139">
    <id_projekt>109</id_projekt>
    <id_mitarbeiter>43</id_mitarbeiter>
    <ist_leiter>0</ist_leiter>
  </projekt_mitarbeiter>
  <projekt_mitarbeiter id="140">
    <id_projekt>155</id_projekt>
    <id_mitarbeiter>45</id_mitarbeiter>
    <ist_leiter>1</ist_leiter>
  </projekt_mitarbeiter>
  <projekt_mitarbeiter id="141">
    <id_projekt>155</id_projekt>
    <id_mitarbeiter>10</id_mitarbeiter>
    <ist_leiter>0</ist_leiter>
  </projekt_mitarbeiter>
  <projekt_mitarbeiter id="142">
    <id_projekt>156</id_projekt>
    <id_mitarbeiter>45</id_mitarbeiter>
    <ist_leiter>1</ist_leiter>
  </projekt_mitarbeiter>
  <projekt_mitarbeiter id="143">
    <id_projekt>156</id_projekt>
    <id_mitarbeiter>46</id_mitarbeiter>
    <ist_leiter>0</ist_leiter>
  </projekt_mitarbeiter>
  <projekt_mitarbeiter id="144">
    <id_projekt>157</id_projekt>
    <id_mitarbeiter>45</id_mitarbeiter>
    <ist_leiter>0</ist_leiter>
  </projekt_mitarbeiter>
  <projekt_mitarbeiter id="146">
    <id_projekt>158</id_projekt>
    <id_mitarbeiter>45</id_mitarbeiter>
    <ist_leiter>1</ist_leiter>
  </projekt_mitarbeiter>
  <projekt_mitarbeiter id="148">
    <id_projekt>159</id_projekt>
    <id_mitarbeiter>45</id_mitarbeiter>
    <ist_leiter>1</ist_leiter>
  </projekt_mitarbeiter>
  <projekt_mitarbeiter id="149">
    <id_projekt>160</id_projekt>
    <id_mitarbeiter>45</id_mitarbeiter>
    <ist_leiter>1</ist_leiter>
  </projekt_mitarbeiter>
  <projekt_mitarbeiter id="150">
    <id_projekt>167</id_projekt>
    <id_mitarbeiter>45</id_mitarbeiter>
    <ist_leiter>1</ist_leiter>
  </projekt_mitarbeiter>
  <projekt_mitarbeiter id="151">
    <id_projekt>168</id_projekt>
    <id_mitarbeiter>45</id_mitarbeiter>
    <ist_leiter>0</ist_leiter>
  </projekt_mitarbeiter>
  <projekt_mitarbeiter id="152">
    <id_projekt>168</id_projekt>
    <id_mitarbeiter>10</id_mitarbeiter>
    <ist_leiter>0</ist_leiter>
  </projekt_mitarbeiter>
  <projekt_mitarbeiter id="153">
    <id_projekt>161</id_projekt>
    <id_mitarbeiter>45</id_mitarbeiter>
    <ist_leiter>0</ist_leiter>
  </projekt_mitarbeiter>
  <projekt_mitarbeiter id="210">
    <id_projekt>203</id_projekt>
    <id_mitarbeiter>50</id_mitarbeiter>
    <ist_leiter>0</ist_leiter>
  </projekt_mitarbeiter>
  <projekt_mitarbeiter id="155">
    <id_projekt>26</id_projekt>
    <id_mitarbeiter>41</id_mitarbeiter>
    <ist_leiter>0</ist_leiter>
  </projekt_mitarbeiter>
  <projekt_mitarbeiter id="158">
    <id_projekt>171</id_projekt>
    <id_mitarbeiter>70</id_mitarbeiter>
    <ist_leiter>1</ist_leiter>
  </projekt_mitarbeiter>
  <projekt_mitarbeiter id="159">
    <id_projekt>26</id_projekt>
    <id_mitarbeiter>75</id_mitarbeiter>
    <ist_leiter>0</ist_leiter>
  </projekt_mitarbeiter>
  <projekt_mitarbeiter id="160">
    <id_projekt>173</id_projekt>
    <id_mitarbeiter>10</id_mitarbeiter>
    <ist_leiter>1</ist_leiter>
  </projekt_mitarbeiter>
  <projekt_mitarbeiter id="161">
    <id_projekt>175</id_projekt>
    <id_mitarbeiter>72</id_mitarbeiter>
    <ist_leiter>0</ist_leiter>
  </projekt_mitarbeiter>
  <projekt_mitarbeiter id="162">
    <id_projekt>176</id_projekt>
    <id_mitarbeiter>72</id_mitarbeiter>
    <ist_leiter>1</ist_leiter>
  </projekt_mitarbeiter>
  <projekt_mitarbeiter id="163">
    <id_projekt>177</id_projekt>
    <id_mitarbeiter>72</id_mitarbeiter>
    <ist_leiter>1</ist_leiter>
  </projekt_mitarbeiter>
  <projekt_mitarbeiter id="164">
    <id_projekt>178</id_projekt>
    <id_mitarbeiter>72</id_mitarbeiter>
    <ist_leiter>1</ist_leiter>
  </projekt_mitarbeiter>
  <projekt_mitarbeiter id="165">
    <id_projekt>179</id_projekt>
    <id_mitarbeiter>72</id_mitarbeiter>
    <ist_leiter>1</ist_leiter>
  </projekt_mitarbeiter>
  <projekt_mitarbeiter id="166">
    <id_projekt>180</id_projekt>
    <id_mitarbeiter>72</id_mitarbeiter>
    <ist_leiter>1</ist_leiter>
  </projekt_mitarbeiter>
  <projekt_mitarbeiter id="167">
    <id_projekt>181</id_projekt>
    <id_mitarbeiter>72</id_mitarbeiter>
    <ist_leiter>1</ist_leiter>
  </projekt_mitarbeiter>
  <projekt_mitarbeiter id="168">
    <id_projekt>182</id_projekt>
    <id_mitarbeiter>72</id_mitarbeiter>
    <ist_leiter>1</ist_leiter>
  </projekt_mitarbeiter>
  <projekt_mitarbeiter id="169">
    <id_projekt>183</id_projekt>
    <id_mitarbeiter>72</id_mitarbeiter>
    <ist_leiter>1</ist_leiter>
  </projekt_mitarbeiter>
  <projekt_mitarbeiter id="170">
    <id_projekt>184</id_projekt>
    <id_mitarbeiter>72</id_mitarbeiter>
    <ist_leiter>1</ist_leiter>
  </projekt_mitarbeiter>
  <projekt_mitarbeiter id="171">
    <id_projekt>185</id_projekt>
    <id_mitarbeiter>72</id_mitarbeiter>
    <ist_leiter>1</ist_leiter>
  </projekt_mitarbeiter>
  <projekt_mitarbeiter id="172">
    <id_projekt>186</id_projekt>
    <id_mitarbeiter>72</id_mitarbeiter>
    <ist_leiter>1</ist_leiter>
  </projekt_mitarbeiter>
  <projekt_mitarbeiter id="173">
    <id_projekt>187</id_projekt>
    <id_mitarbeiter>72</id_mitarbeiter>
    <ist_leiter>1</ist_leiter>
  </projekt_mitarbeiter>
  <projekt_mitarbeiter id="174">
    <id_projekt>188</id_projekt>
    <id_mitarbeiter>72</id_mitarbeiter>
    <ist_leiter>1</ist_leiter>
  </projekt_mitarbeiter>
  <projekt_mitarbeiter id="175">
    <id_projekt>188</id_projekt>
    <id_mitarbeiter>69</id_mitarbeiter>
    <ist_leiter>0</ist_leiter>
  </projekt_mitarbeiter>
  <projekt_mitarbeiter id="176">
    <id_projekt>189</id_projekt>
    <id_mitarbeiter>72</id_mitarbeiter>
    <ist_leiter>1</ist_leiter>
  </projekt_mitarbeiter>
  <projekt_mitarbeiter id="177">
    <id_projekt>190</id_projekt>
    <id_mitarbeiter>72</id_mitarbeiter>
    <ist_leiter>1</ist_leiter>
  </projekt_mitarbeiter>
  <projekt_mitarbeiter id="205">
    <id_projekt>196</id_projekt>
    <id_mitarbeiter>10</id_mitarbeiter>
    <ist_leiter>1</ist_leiter>
  </projekt_mitarbeiter>
  <projekt_mitarbeiter id="204">
    <id_projekt>196</id_projekt>
    <id_mitarbeiter>72</id_mitarbeiter>
    <ist_leiter>1</ist_leiter>
  </projekt_mitarbeiter>
  <projekt_mitarbeiter id="180">
    <id_projekt>193</id_projekt>
    <id_mitarbeiter>72</id_mitarbeiter>
    <ist_leiter>1</ist_leiter>
  </projekt_mitarbeiter>
  <projekt_mitarbeiter id="181">
    <id_projekt>86</id_projekt>
    <id_mitarbeiter>55</id_mitarbeiter>
    <ist_leiter>1</ist_leiter>
  </projekt_mitarbeiter>
  <projekt_mitarbeiter id="182">
    <id_projekt>119</id_projekt>
    <id_mitarbeiter>70</id_mitarbeiter>
    <ist_leiter>0</ist_leiter>
  </projekt_mitarbeiter>
  <projekt_mitarbeiter id="183">
    <id_projekt>120</id_projekt>
    <id_mitarbeiter>70</id_mitarbeiter>
    <ist_leiter>1</ist_leiter>
  </projekt_mitarbeiter>
  <projekt_mitarbeiter id="184">
    <id_projekt>121</id_projekt>
    <id_mitarbeiter>70</id_mitarbeiter>
    <ist_leiter>1</ist_leiter>
  </projekt_mitarbeiter>
  <projekt_mitarbeiter id="185">
    <id_projekt>81</id_projekt>
    <id_mitarbeiter>44</id_mitarbeiter>
    <ist_leiter>1</ist_leiter>
  </projekt_mitarbeiter>
  <projekt_mitarbeiter id="186">
    <id_projekt>18</id_projekt>
    <id_mitarbeiter>70</id_mitarbeiter>
    <ist_leiter>1</ist_leiter>
  </projekt_mitarbeiter>
  <projekt_mitarbeiter id="207">
    <id_projekt>202</id_projekt>
    <id_mitarbeiter>82</id_mitarbeiter>
    <ist_leiter>0</ist_leiter>
  </projekt_mitarbeiter>
  <projekt_mitarbeiter id="188">
    <id_projekt>7</id_projekt>
    <id_mitarbeiter>44</id_mitarbeiter>
    <ist_leiter>0</ist_leiter>
  </projekt_mitarbeiter>
  <projekt_mitarbeiter id="189">
    <id_projekt>80</id_projekt>
    <id_mitarbeiter>70</id_mitarbeiter>
    <ist_leiter>1</ist_leiter>
  </projekt_mitarbeiter>
  <projekt_mitarbeiter id="190">
    <id_projekt>28</id_projekt>
    <id_mitarbeiter>31</id_mitarbeiter>
    <ist_leiter>1</ist_leiter>
  </projekt_mitarbeiter>
  <projekt_mitarbeiter id="202">
    <id_projekt>193</id_projekt>
    <id_mitarbeiter>69</id_mitarbeiter>
    <ist_leiter>0</ist_leiter>
  </projekt_mitarbeiter>
  <projekt_mitarbeiter id="192">
    <id_projekt>21</id_projekt>
    <id_mitarbeiter>70</id_mitarbeiter>
    <ist_leiter>1</ist_leiter>
  </projekt_mitarbeiter>
  <projekt_mitarbeiter id="203">
    <id_projekt>190</id_projekt>
    <id_mitarbeiter>69</id_mitarbeiter>
    <ist_leiter>0</ist_leiter>
  </projekt_mitarbeiter>
  <projekt_mitarbeiter id="195">
    <id_projekt>20</id_projekt>
    <id_mitarbeiter>44</id_mitarbeiter>
    <ist_leiter>1</ist_leiter>
  </projekt_mitarbeiter>
  <projekt_mitarbeiter id="196">
    <id_projekt>30</id_projekt>
    <id_mitarbeiter>70</id_mitarbeiter>
    <ist_leiter>1</ist_leiter>
  </projekt_mitarbeiter>
  <projekt_mitarbeiter id="197">
    <id_projekt>194</id_projekt>
    <id_mitarbeiter>45</id_mitarbeiter>
    <ist_leiter>0</ist_leiter>
  </projekt_mitarbeiter>
  <projekt_mitarbeiter id="212">
    <id_projekt>174</id_projekt>
    <id_mitarbeiter>50</id_mitarbeiter>
    <ist_leiter>0</ist_leiter>
  </projekt_mitarbeiter>
  <projekt_mitarbeiter id="211">
    <id_projekt>173</id_projekt>
    <id_mitarbeiter>64</id_mitarbeiter>
    <ist_leiter>0</ist_leiter>
  </projekt_mitarbeiter>
  <projekt_mitarbeiter id="214">
    <id_projekt>174</id_projekt>
    <id_mitarbeiter>82</id_mitarbeiter>
    <ist_leiter>0</ist_leiter>
  </projekt_mitarbeiter>
  <projekt_mitarbeiter id="215">
    <id_projekt>174</id_projekt>
    <id_mitarbeiter>73</id_mitarbeiter>
    <ist_leiter>0</ist_leiter>
  </projekt_mitarbeiter>
  <projekt_mitarbeiter id="216">
    <id_projekt>174</id_projekt>
    <id_mitarbeiter>70</id_mitarbeiter>
    <ist_leiter>0</ist_leiter>
  </projekt_mitarbeiter>
  <projekt_mitarbeiter id="217">
    <id_projekt>174</id_projekt>
    <id_mitarbeiter>48</id_mitarbeiter>
    <ist_leiter>0</ist_leiter>
  </projekt_mitarbeiter>
  <projekt_mitarbeiter id="218">
    <id_projekt>174</id_projekt>
    <id_mitarbeiter>66</id_mitarbeiter>
    <ist_leiter>0</ist_leiter>
  </projekt_mitarbeiter>
  <projekt_mitarbeiter id="219">
    <id_projekt>173</id_projekt>
    <id_mitarbeiter>16</id_mitarbeiter>
    <ist_leiter>1</ist_leiter>
  </projekt_mitarbeiter>
  <projekt_mitarbeiter id="220">
    <id_projekt>207</id_projekt>
    <id_mitarbeiter>70</id_mitarbeiter>
    <ist_leiter>0</ist_leiter>
  </projekt_mitarbeiter>
  <projekt_mitarbeiter id="221">
    <id_projekt>208</id_projekt>
    <id_mitarbeiter>70</id_mitarbeiter>
    <ist_leiter>1</ist_leiter>
  </projekt_mitarbeiter>
  <projekt_mitarbeiter id="222">
    <id_projekt>80</id_projekt>
    <id_mitarbeiter>83</id_mitarbeiter>
    <ist_leiter>0</ist_leiter>
  </projekt_mitarbeiter>
  <projekt_mitarbeiter id="223">
    <id_projekt>18</id_projekt>
    <id_mitarbeiter>83</id_mitarbeiter>
    <ist_leiter>0</ist_leiter>
  </projekt_mitarbeiter>
  <projekt_mitarbeiter id="224">
    <id_projekt>31</id_projekt>
    <id_mitarbeiter>83</id_mitarbeiter>
    <ist_leiter>1</ist_leiter>
  </projekt_mitarbeiter>
  <projekt_mitarbeiter id="225">
    <id_projekt>17</id_projekt>
    <id_mitarbeiter>83</id_mitarbeiter>
    <ist_leiter>0</ist_leiter>
  </projekt_mitarbeiter>
  <projekt_mitarbeiter id="226">
    <id_projekt>119</id_projekt>
    <id_mitarbeiter>83</id_mitarbeiter>
    <ist_leiter>1</ist_leiter>
  </projekt_mitarbeiter>
  <projekt_mitarbeiter id="322">
    <id_projekt>306</id_projekt>
    <id_mitarbeiter>55</id_mitarbeiter>
    <ist_leiter>1</ist_leiter>
  </projekt_mitarbeiter>
  <projekt_mitarbeiter id="228">
    <id_projekt>30</id_projekt>
    <id_mitarbeiter>83</id_mitarbeiter>
    <ist_leiter>0</ist_leiter>
  </projekt_mitarbeiter>
  <projekt_mitarbeiter id="229">
    <id_projekt>26</id_projekt>
    <id_mitarbeiter>83</id_mitarbeiter>
    <ist_leiter>0</ist_leiter>
  </projekt_mitarbeiter>
  <projekt_mitarbeiter id="230">
    <id_projekt>207</id_projekt>
    <id_mitarbeiter>83</id_mitarbeiter>
    <ist_leiter>0</ist_leiter>
  </projekt_mitarbeiter>
  <projekt_mitarbeiter id="231">
    <id_projekt>209</id_projekt>
    <id_mitarbeiter>55</id_mitarbeiter>
    <ist_leiter>1</ist_leiter>
  </projekt_mitarbeiter>
  <projekt_mitarbeiter id="232">
    <id_projekt>210</id_projekt>
    <id_mitarbeiter>45</id_mitarbeiter>
    <ist_leiter>1</ist_leiter>
  </projekt_mitarbeiter>
  <projekt_mitarbeiter id="233">
    <id_projekt>211</id_projekt>
    <id_mitarbeiter>44</id_mitarbeiter>
    <ist_leiter>1</ist_leiter>
  </projekt_mitarbeiter>
  <projekt_mitarbeiter id="295">
    <id_projekt>279</id_projekt>
    <id_mitarbeiter>52</id_mitarbeiter>
    <ist_leiter>1</ist_leiter>
  </projekt_mitarbeiter>
  <projekt_mitarbeiter id="235">
    <id_projekt>215</id_projekt>
    <id_mitarbeiter>55</id_mitarbeiter>
    <ist_leiter>1</ist_leiter>
  </projekt_mitarbeiter>
  <projekt_mitarbeiter id="236">
    <id_projekt>216</id_projekt>
    <id_mitarbeiter>30</id_mitarbeiter>
    <ist_leiter>1</ist_leiter>
  </projekt_mitarbeiter>
  <projekt_mitarbeiter id="237">
    <id_projekt>216</id_projekt>
    <id_mitarbeiter>34</id_mitarbeiter>
    <ist_leiter>1</ist_leiter>
  </projekt_mitarbeiter>
  <projekt_mitarbeiter id="238">
    <id_projekt>217</id_projekt>
    <id_mitarbeiter>16</id_mitarbeiter>
    <ist_leiter>1</ist_leiter>
  </projekt_mitarbeiter>
  <projekt_mitarbeiter id="239">
    <id_projekt>219</id_projekt>
    <id_mitarbeiter>16</id_mitarbeiter>
    <ist_leiter>1</ist_leiter>
  </projekt_mitarbeiter>
  <projekt_mitarbeiter id="240">
    <id_projekt>224</id_projekt>
    <id_mitarbeiter>55</id_mitarbeiter>
    <ist_leiter>1</ist_leiter>
  </projekt_mitarbeiter>
  <projekt_mitarbeiter id="241">
    <id_projekt>225</id_projekt>
    <id_mitarbeiter>55</id_mitarbeiter>
    <ist_leiter>1</ist_leiter>
  </projekt_mitarbeiter>
  <projekt_mitarbeiter id="242">
    <id_projekt>225</id_projekt>
    <id_mitarbeiter>72</id_mitarbeiter>
    <ist_leiter>1</ist_leiter>
  </projekt_mitarbeiter>
  <projekt_mitarbeiter id="243">
    <id_projekt>225</id_projekt>
    <id_mitarbeiter>53</id_mitarbeiter>
    <ist_leiter>0</ist_leiter>
  </projekt_mitarbeiter>
  <projekt_mitarbeiter id="244">
    <id_projekt>226</id_projekt>
    <id_mitarbeiter>41</id_mitarbeiter>
    <ist_leiter>0</ist_leiter>
  </projekt_mitarbeiter>
  <projekt_mitarbeiter id="245">
    <id_projekt>226</id_projekt>
    <id_mitarbeiter>76</id_mitarbeiter>
    <ist_leiter>0</ist_leiter>
  </projekt_mitarbeiter>
  <projekt_mitarbeiter id="246">
    <id_projekt>226</id_projekt>
    <id_mitarbeiter>54</id_mitarbeiter>
    <ist_leiter>0</ist_leiter>
  </projekt_mitarbeiter>
  <projekt_mitarbeiter id="247">
    <id_projekt>227</id_projekt>
    <id_mitarbeiter>70</id_mitarbeiter>
    <ist_leiter>1</ist_leiter>
  </projekt_mitarbeiter>
  <projekt_mitarbeiter id="248">
    <id_projekt>227</id_projekt>
    <id_mitarbeiter>41</id_mitarbeiter>
    <ist_leiter>0</ist_leiter>
  </projekt_mitarbeiter>
  <projekt_mitarbeiter id="249">
    <id_projekt>227</id_projekt>
    <id_mitarbeiter>75</id_mitarbeiter>
    <ist_leiter>0</ist_leiter>
  </projekt_mitarbeiter>
  <projekt_mitarbeiter id="250">
    <id_projekt>229</id_projekt>
    <id_mitarbeiter>41</id_mitarbeiter>
    <ist_leiter>0</ist_leiter>
  </projekt_mitarbeiter>
  <projekt_mitarbeiter id="251">
    <id_projekt>232</id_projekt>
    <id_mitarbeiter>63</id_mitarbeiter>
    <ist_leiter>1</ist_leiter>
  </projekt_mitarbeiter>
  <projekt_mitarbeiter id="252">
    <id_projekt>232</id_projekt>
    <id_mitarbeiter>76</id_mitarbeiter>
    <ist_leiter>0</ist_leiter>
  </projekt_mitarbeiter>
  <projekt_mitarbeiter id="253">
    <id_projekt>238</id_projekt>
    <id_mitarbeiter>45</id_mitarbeiter>
    <ist_leiter>1</ist_leiter>
  </projekt_mitarbeiter>
  <projekt_mitarbeiter id="254">
    <id_projekt>243</id_projekt>
    <id_mitarbeiter>55</id_mitarbeiter>
    <ist_leiter>1</ist_leiter>
  </projekt_mitarbeiter>
  <projekt_mitarbeiter id="255">
    <id_projekt>246</id_projekt>
    <id_mitarbeiter>55</id_mitarbeiter>
    <ist_leiter>1</ist_leiter>
  </projekt_mitarbeiter>
  <projekt_mitarbeiter id="256">
    <id_projekt>246</id_projekt>
    <id_mitarbeiter>80</id_mitarbeiter>
    <ist_leiter>1</ist_leiter>
  </projekt_mitarbeiter>
  <projekt_mitarbeiter id="257">
    <id_projekt>246</id_projekt>
    <id_mitarbeiter>35</id_mitarbeiter>
    <ist_leiter>0</ist_leiter>
  </projekt_mitarbeiter>
  <projekt_mitarbeiter id="258">
    <id_projekt>247</id_projekt>
    <id_mitarbeiter>55</id_mitarbeiter>
    <ist_leiter>1</ist_leiter>
  </projekt_mitarbeiter>
  <projekt_mitarbeiter id="259">
    <id_projekt>248</id_projekt>
    <id_mitarbeiter>55</id_mitarbeiter>
    <ist_leiter>1</ist_leiter>
  </projekt_mitarbeiter>
  <projekt_mitarbeiter id="260">
    <id_projekt>251</id_projekt>
    <id_mitarbeiter>88</id_mitarbeiter>
    <ist_leiter>0</ist_leiter>
  </projekt_mitarbeiter>
  <projekt_mitarbeiter id="261">
    <id_projekt>253</id_projekt>
    <id_mitarbeiter>29</id_mitarbeiter>
    <ist_leiter>1</ist_leiter>
  </projekt_mitarbeiter>
  <projekt_mitarbeiter id="262">
    <id_projekt>254</id_projekt>
    <id_mitarbeiter>70</id_mitarbeiter>
    <ist_leiter>1</ist_leiter>
  </projekt_mitarbeiter>
  <projekt_mitarbeiter id="264">
    <id_projekt>254</id_projekt>
    <id_mitarbeiter>83</id_mitarbeiter>
    <ist_leiter>0</ist_leiter>
  </projekt_mitarbeiter>
  <projekt_mitarbeiter id="265">
    <id_projekt>214</id_projekt>
    <id_mitarbeiter>64</id_mitarbeiter>
    <ist_leiter>0</ist_leiter>
  </projekt_mitarbeiter>
  <projekt_mitarbeiter id="266">
    <id_projekt>214</id_projekt>
    <id_mitarbeiter>65</id_mitarbeiter>
    <ist_leiter>0</ist_leiter>
  </projekt_mitarbeiter>
  <projekt_mitarbeiter id="267">
    <id_projekt>256</id_projekt>
    <id_mitarbeiter>29</id_mitarbeiter>
    <ist_leiter>1</ist_leiter>
  </projekt_mitarbeiter>
  <projekt_mitarbeiter id="268">
    <id_projekt>209</id_projekt>
    <id_mitarbeiter>44</id_mitarbeiter>
    <ist_leiter>1</ist_leiter>
  </projekt_mitarbeiter>
  <projekt_mitarbeiter id="269">
    <id_projekt>104</id_projekt>
    <id_mitarbeiter>72</id_mitarbeiter>
    <ist_leiter>1</ist_leiter>
  </projekt_mitarbeiter>
  <projekt_mitarbeiter id="270">
    <id_projekt>252</id_projekt>
    <id_mitarbeiter>103</id_mitarbeiter>
    <ist_leiter>1</ist_leiter>
  </projekt_mitarbeiter>
  <projekt_mitarbeiter id="271">
    <id_projekt>261</id_projekt>
    <id_mitarbeiter>72</id_mitarbeiter>
    <ist_leiter>1</ist_leiter>
  </projekt_mitarbeiter>
  <projekt_mitarbeiter id="272">
    <id_projekt>261</id_projekt>
    <id_mitarbeiter>69</id_mitarbeiter>
    <ist_leiter>0</ist_leiter>
  </projekt_mitarbeiter>
  <projekt_mitarbeiter id="273">
    <id_projekt>263</id_projekt>
    <id_mitarbeiter>95</id_mitarbeiter>
    <ist_leiter>1</ist_leiter>
  </projekt_mitarbeiter>
  <projekt_mitarbeiter id="274">
    <id_projekt>264</id_projekt>
    <id_mitarbeiter>29</id_mitarbeiter>
    <ist_leiter>1</ist_leiter>
  </projekt_mitarbeiter>
  <projekt_mitarbeiter id="275">
    <id_projekt>268</id_projekt>
    <id_mitarbeiter>109</id_mitarbeiter>
    <ist_leiter>1</ist_leiter>
  </projekt_mitarbeiter>
  <projekt_mitarbeiter id="276">
    <id_projekt>173</id_projekt>
    <id_mitarbeiter>119</id_mitarbeiter>
    <ist_leiter>0</ist_leiter>
  </projekt_mitarbeiter>
  <projekt_mitarbeiter id="277">
    <id_projekt>269</id_projekt>
    <id_mitarbeiter>15</id_mitarbeiter>
    <ist_leiter>1</ist_leiter>
  </projekt_mitarbeiter>
  <projekt_mitarbeiter id="278">
    <id_projekt>270</id_projekt>
    <id_mitarbeiter>114</id_mitarbeiter>
    <ist_leiter>0</ist_leiter>
  </projekt_mitarbeiter>
  <projekt_mitarbeiter id="279">
    <id_projekt>272</id_projekt>
    <id_mitarbeiter>36</id_mitarbeiter>
    <ist_leiter>1</ist_leiter>
  </projekt_mitarbeiter>
  <projekt_mitarbeiter id="280">
    <id_projekt>272</id_projekt>
    <id_mitarbeiter>39</id_mitarbeiter>
    <ist_leiter>0</ist_leiter>
  </projekt_mitarbeiter>
  <projekt_mitarbeiter id="281">
    <id_projekt>174</id_projekt>
    <id_mitarbeiter>114</id_mitarbeiter>
    <ist_leiter>1</ist_leiter>
  </projekt_mitarbeiter>
  <projekt_mitarbeiter id="282">
    <id_projekt>173</id_projekt>
    <id_mitarbeiter>114</id_mitarbeiter>
    <ist_leiter>1</ist_leiter>
  </projekt_mitarbeiter>
  <projekt_mitarbeiter id="283">
    <id_projekt>214</id_projekt>
    <id_mitarbeiter>114</id_mitarbeiter>
    <ist_leiter>1</ist_leiter>
  </projekt_mitarbeiter>
  <projekt_mitarbeiter id="284">
    <id_projekt>220</id_projekt>
    <id_mitarbeiter>114</id_mitarbeiter>
    <ist_leiter>0</ist_leiter>
  </projekt_mitarbeiter>
  <projekt_mitarbeiter id="285">
    <id_projekt>275</id_projekt>
    <id_mitarbeiter>27</id_mitarbeiter>
    <ist_leiter>1</ist_leiter>
  </projekt_mitarbeiter>
  <projekt_mitarbeiter id="286">
    <id_projekt>275</id_projekt>
    <id_mitarbeiter>63</id_mitarbeiter>
    <ist_leiter>1</ist_leiter>
  </projekt_mitarbeiter>
  <projekt_mitarbeiter id="287">
    <id_projekt>275</id_projekt>
    <id_mitarbeiter>41</id_mitarbeiter>
    <ist_leiter>0</ist_leiter>
  </projekt_mitarbeiter>
  <projekt_mitarbeiter id="288">
    <id_projekt>275</id_projekt>
    <id_mitarbeiter>54</id_mitarbeiter>
    <ist_leiter>0</ist_leiter>
  </projekt_mitarbeiter>
  <projekt_mitarbeiter id="289">
    <id_projekt>218</id_projekt>
    <id_mitarbeiter>10</id_mitarbeiter>
    <ist_leiter>0</ist_leiter>
  </projekt_mitarbeiter>
  <projekt_mitarbeiter id="290">
    <id_projekt>258</id_projekt>
    <id_mitarbeiter>40</id_mitarbeiter>
    <ist_leiter>1</ist_leiter>
  </projekt_mitarbeiter>
  <projekt_mitarbeiter id="291">
    <id_projekt>258</id_projekt>
    <id_mitarbeiter>15</id_mitarbeiter>
    <ist_leiter>1</ist_leiter>
  </projekt_mitarbeiter>
  <projekt_mitarbeiter id="292">
    <id_projekt>122</id_projekt>
    <id_mitarbeiter>77</id_mitarbeiter>
    <ist_leiter>1</ist_leiter>
  </projekt_mitarbeiter>
  <projekt_mitarbeiter id="293">
    <id_projekt>276</id_projekt>
    <id_mitarbeiter>123</id_mitarbeiter>
    <ist_leiter>1</ist_leiter>
  </projekt_mitarbeiter>
  <projekt_mitarbeiter id="294">
    <id_projekt>276</id_projekt>
    <id_mitarbeiter>127</id_mitarbeiter>
    <ist_leiter>0</ist_leiter>
  </projekt_mitarbeiter>
  <projekt_mitarbeiter id="296">
    <id_projekt>280</id_projekt>
    <id_mitarbeiter>27</id_mitarbeiter>
    <ist_leiter>1</ist_leiter>
  </projekt_mitarbeiter>
  <projekt_mitarbeiter id="297">
    <id_projekt>281</id_projekt>
    <id_mitarbeiter>70</id_mitarbeiter>
    <ist_leiter>1</ist_leiter>
  </projekt_mitarbeiter>
  <projekt_mitarbeiter id="298">
    <id_projekt>283</id_projekt>
    <id_mitarbeiter>101</id_mitarbeiter>
    <ist_leiter>1</ist_leiter>
  </projekt_mitarbeiter>
  <projekt_mitarbeiter id="299">
    <id_projekt>284</id_projekt>
    <id_mitarbeiter>101</id_mitarbeiter>
    <ist_leiter>1</ist_leiter>
  </projekt_mitarbeiter>
  <projekt_mitarbeiter id="300">
    <id_projekt>292</id_projekt>
    <id_mitarbeiter>101</id_mitarbeiter>
    <ist_leiter>1</ist_leiter>
  </projekt_mitarbeiter>
  <projekt_mitarbeiter id="302">
    <id_projekt>295</id_projekt>
    <id_mitarbeiter>130</id_mitarbeiter>
    <ist_leiter>1</ist_leiter>
  </projekt_mitarbeiter>
  <projekt_mitarbeiter id="303">
    <id_projekt>293</id_projekt>
    <id_mitarbeiter>114</id_mitarbeiter>
    <ist_leiter>1</ist_leiter>
  </projekt_mitarbeiter>
  <projekt_mitarbeiter id="304">
    <id_projekt>271</id_projekt>
    <id_mitarbeiter>114</id_mitarbeiter>
    <ist_leiter>1</ist_leiter>
  </projekt_mitarbeiter>
  <projekt_mitarbeiter id="305">
    <id_projekt>297</id_projekt>
    <id_mitarbeiter>97</id_mitarbeiter>
    <ist_leiter>1</ist_leiter>
  </projekt_mitarbeiter>
  <projekt_mitarbeiter id="306">
    <id_projekt>296</id_projekt>
    <id_mitarbeiter>97</id_mitarbeiter>
    <ist_leiter>1</ist_leiter>
  </projekt_mitarbeiter>
  <projekt_mitarbeiter id="307">
    <id_projekt>298</id_projekt>
    <id_mitarbeiter>106</id_mitarbeiter>
    <ist_leiter>0</ist_leiter>
  </projekt_mitarbeiter>
  <projekt_mitarbeiter id="308">
    <id_projekt>299</id_projekt>
    <id_mitarbeiter>106</id_mitarbeiter>
    <ist_leiter>1</ist_leiter>
  </projekt_mitarbeiter>
  <projekt_mitarbeiter id="309">
    <id_projekt>300</id_projekt>
    <id_mitarbeiter>106</id_mitarbeiter>
    <ist_leiter>1</ist_leiter>
  </projekt_mitarbeiter>
  <projekt_mitarbeiter id="310">
    <id_projekt>301</id_projekt>
    <id_mitarbeiter>106</id_mitarbeiter>
    <ist_leiter>1</ist_leiter>
  </projekt_mitarbeiter>
  <projekt_mitarbeiter id="311">
    <id_projekt>302</id_projekt>
    <id_mitarbeiter>106</id_mitarbeiter>
    <ist_leiter>1</ist_leiter>
  </projekt_mitarbeiter>
  <projekt_mitarbeiter id="312">
    <id_projekt>303</id_projekt>
    <id_mitarbeiter>106</id_mitarbeiter>
    <ist_leiter>1</ist_leiter>
  </projekt_mitarbeiter>
  <projekt_mitarbeiter id="313">
    <id_projekt>264</id_projekt>
    <id_mitarbeiter>103</id_mitarbeiter>
    <ist_leiter>1</ist_leiter>
  </projekt_mitarbeiter>
  <projekt_mitarbeiter id="314">
    <id_projekt>256</id_projekt>
    <id_mitarbeiter>103</id_mitarbeiter>
    <ist_leiter>1</ist_leiter>
  </projekt_mitarbeiter>
  <projekt_mitarbeiter id="315">
    <id_projekt>305</id_projekt>
    <id_mitarbeiter>50</id_mitarbeiter>
    <ist_leiter>1</ist_leiter>
  </projekt_mitarbeiter>
  <projekt_mitarbeiter id="317">
    <id_projekt>305</id_projekt>
    <id_mitarbeiter>82</id_mitarbeiter>
    <ist_leiter>0</ist_leiter>
  </projekt_mitarbeiter>
  <projekt_mitarbeiter id="318">
    <id_projekt>305</id_projekt>
    <id_mitarbeiter>2</id_mitarbeiter>
    <ist_leiter>0</ist_leiter>
  </projekt_mitarbeiter>
  <projekt_mitarbeiter id="319">
    <id_projekt>305</id_projekt>
    <id_mitarbeiter>64</id_mitarbeiter>
    <ist_leiter>0</ist_leiter>
  </projekt_mitarbeiter>
  <projekt_mitarbeiter id="320">
    <id_projekt>174</id_projekt>
    <id_mitarbeiter>128</id_mitarbeiter>
    <ist_leiter>1</ist_leiter>
  </projekt_mitarbeiter>
  <projekt_mitarbeiter id="321">
    <id_projekt>174</id_projekt>
    <id_mitarbeiter>126</id_mitarbeiter>
    <ist_leiter>0</ist_leiter>
  </projekt_mitarbeiter>
  <projekt_mitarbeiter id="323">
    <id_projekt>307</id_projekt>
    <id_mitarbeiter>70</id_mitarbeiter>
    <ist_leiter>0</ist_leiter>
  </projekt_mitarbeiter>
  <projekt_mitarbeiter id="324">
    <id_projekt>307</id_projekt>
    <id_mitarbeiter>124</id_mitarbeiter>
    <ist_leiter>1</ist_leiter>
  </projekt_mitarbeiter>
  <projekt_mitarbeiter id="325">
    <id_projekt>307</id_projekt>
    <id_mitarbeiter>41</id_mitarbeiter>
    <ist_leiter>0</ist_leiter>
  </projekt_mitarbeiter>
  <projekt_mitarbeiter id="326">
    <id_projekt>275</id_projekt>
    <id_mitarbeiter>124</id_mitarbeiter>
    <ist_leiter>1</ist_leiter>
  </projekt_mitarbeiter>
  <projekt_mitarbeiter id="327">
    <id_projekt>275</id_projekt>
    <id_mitarbeiter>135</id_mitarbeiter>
    <ist_leiter>0</ist_leiter>
  </projekt_mitarbeiter>
  <projekt_mitarbeiter id="328">
    <id_projekt>308</id_projekt>
    <id_mitarbeiter>36</id_mitarbeiter>
    <ist_leiter>1</ist_leiter>
  </projekt_mitarbeiter>
  <projekt_mitarbeiter id="329">
    <id_projekt>308</id_projekt>
    <id_mitarbeiter>39</id_mitarbeiter>
    <ist_leiter>1</ist_leiter>
  </projekt_mitarbeiter>
  <projekt_mitarbeiter id="330">
    <id_projekt>309</id_projekt>
    <id_mitarbeiter>55</id_mitarbeiter>
    <ist_leiter>1</ist_leiter>
  </projekt_mitarbeiter>
  <projekt_mitarbeiter id="331">
    <id_projekt>309</id_projekt>
    <id_mitarbeiter>44</id_mitarbeiter>
    <ist_leiter>1</ist_leiter>
  </projekt_mitarbeiter>
  <projekt_mitarbeiter id="332">
    <id_projekt>310</id_projekt>
    <id_mitarbeiter>118</id_mitarbeiter>
    <ist_leiter>1</ist_leiter>
  </projekt_mitarbeiter>
  <projekt_mitarbeiter id="334">
    <id_projekt>312</id_projekt>
    <id_mitarbeiter>124</id_mitarbeiter>
    <ist_leiter>1</ist_leiter>
  </projekt_mitarbeiter>
  <projekt_mitarbeiter id="335">
    <id_projekt>312</id_projekt>
    <id_mitarbeiter>114</id_mitarbeiter>
    <ist_leiter>1</ist_leiter>
  </projekt_mitarbeiter>
  <projekt_mitarbeiter id="336">
    <id_projekt>312</id_projekt>
    <id_mitarbeiter>135</id_mitarbeiter>
    <ist_leiter>0</ist_leiter>
  </projekt_mitarbeiter>
  <projekt_mitarbeiter id="337">
    <id_projekt>312</id_projekt>
    <id_mitarbeiter>137</id_mitarbeiter>
    <ist_leiter>0</ist_leiter>
  </projekt_mitarbeiter>
  <projekt_mitarbeiter id="338">
    <id_projekt>313</id_projekt>
    <id_mitarbeiter>40</id_mitarbeiter>
    <ist_leiter>1</ist_leiter>
  </projekt_mitarbeiter>
  <projekt_mitarbeiter id="339">
    <id_projekt>313</id_projekt>
    <id_mitarbeiter>27</id_mitarbeiter>
    <ist_leiter>1</ist_leiter>
  </projekt_mitarbeiter>
  <projekt_mitarbeiter id="340">
    <id_projekt>313</id_projekt>
    <id_mitarbeiter>139</id_mitarbeiter>
    <ist_leiter>0</ist_leiter>
  </projekt_mitarbeiter>
  <projekt_mitarbeiter id="341">
    <id_projekt>314</id_projekt>
    <id_mitarbeiter>10</id_mitarbeiter>
    <ist_leiter>1</ist_leiter>
  </projekt_mitarbeiter>
  <projekt_mitarbeiter id="342">
    <id_projekt>314</id_projekt>
    <id_mitarbeiter>27</id_mitarbeiter>
    <ist_leiter>0</ist_leiter>
  </projekt_mitarbeiter>
  <projekt_mitarbeiter id="343">
    <id_projekt>314</id_projekt>
    <id_mitarbeiter>101</id_mitarbeiter>
    <ist_leiter>0</ist_leiter>
  </projekt_mitarbeiter>
  <projekt_mitarbeiter id="344">
    <id_projekt>314</id_projekt>
    <id_mitarbeiter>130</id_mitarbeiter>
    <ist_leiter>0</ist_leiter>
  </projekt_mitarbeiter>
  <projekt_mitarbeiter id="345">
    <id_projekt>314</id_projekt>
    <id_mitarbeiter>138</id_mitarbeiter>
    <ist_leiter>0</ist_leiter>
  </projekt_mitarbeiter>
  <projekt_mitarbeiter id="346">
    <id_projekt>315</id_projekt>
    <id_mitarbeiter>118</id_mitarbeiter>
    <ist_leiter>1</ist_leiter>
  </projekt_mitarbeiter>
  <projekt_mitarbeiter id="347">
    <id_projekt>273</id_projekt>
    <id_mitarbeiter>118</id_mitarbeiter>
    <ist_leiter>1</ist_leiter>
  </projekt_mitarbeiter>
  <projekt_mitarbeiter id="348">
    <id_projekt>315</id_projekt>
    <id_mitarbeiter>50</id_mitarbeiter>
    <ist_leiter>1</ist_leiter>
  </projekt_mitarbeiter>
  <projekt_mitarbeiter id="349">
    <id_projekt>265</id_projekt>
    <id_mitarbeiter>15</id_mitarbeiter>
    <ist_leiter>1</ist_leiter>
  </projekt_mitarbeiter>
  <projekt_mitarbeiter id="350">
    <id_projekt>274</id_projekt>
    <id_mitarbeiter>92</id_mitarbeiter>
    <ist_leiter>1</ist_leiter>
  </projekt_mitarbeiter>
  <projekt_mitarbeiter id="352">
    <id_projekt>170</id_projekt>
    <id_mitarbeiter>41</id_mitarbeiter>
    <ist_leiter>0</ist_leiter>
  </projekt_mitarbeiter>
  <projekt_mitarbeiter id="353">
    <id_projekt>260</id_projekt>
    <id_mitarbeiter>42</id_mitarbeiter>
    <ist_leiter>1</ist_leiter>
  </projekt_mitarbeiter>
  <projekt_mitarbeiter id="354">
    <id_projekt>199</id_projekt>
    <id_mitarbeiter>42</id_mitarbeiter>
    <ist_leiter>1</ist_leiter>
  </projekt_mitarbeiter>
  <projekt_mitarbeiter id="355">
    <id_projekt>259</id_projekt>
    <id_mitarbeiter>92</id_mitarbeiter>
    <ist_leiter>1</ist_leiter>
  </projekt_mitarbeiter>
  <projekt_mitarbeiter id="356">
    <id_projekt>278</id_projekt>
    <id_mitarbeiter>128</id_mitarbeiter>
    <ist_leiter>1</ist_leiter>
  </projekt_mitarbeiter>
  <projekt_mitarbeiter id="357">
    <id_projekt>278</id_projekt>
    <id_mitarbeiter>14</id_mitarbeiter>
    <ist_leiter>1</ist_leiter>
  </projekt_mitarbeiter>
  <projekt_mitarbeiter id="358">
    <id_projekt>318</id_projekt>
    <id_mitarbeiter>45</id_mitarbeiter>
    <ist_leiter>1</ist_leiter>
  </projekt_mitarbeiter>
  <projekt_mitarbeiter id="359">
    <id_projekt>318</id_projekt>
    <id_mitarbeiter>40</id_mitarbeiter>
    <ist_leiter>0</ist_leiter>
  </projekt_mitarbeiter>
  <projekt_mitarbeiter id="360">
    <id_projekt>318</id_projekt>
    <id_mitarbeiter>10</id_mitarbeiter>
    <ist_leiter>0</ist_leiter>
  </projekt_mitarbeiter>
  <projekt_mitarbeiter id="361">
    <id_projekt>318</id_projekt>
    <id_mitarbeiter>130</id_mitarbeiter>
    <ist_leiter>0</ist_leiter>
  </projekt_mitarbeiter>
  <projekt_mitarbeiter id="362">
    <id_projekt>318</id_projekt>
    <id_mitarbeiter>101</id_mitarbeiter>
    <ist_leiter>0</ist_leiter>
  </projekt_mitarbeiter>
  <projekt_mitarbeiter id="363">
    <id_projekt>294</id_projekt>
    <id_mitarbeiter>10</id_mitarbeiter>
    <ist_leiter>0</ist_leiter>
  </projekt_mitarbeiter>
  <projekt_mitarbeiter id="364">
    <id_projekt>294</id_projekt>
    <id_mitarbeiter>15</id_mitarbeiter>
    <ist_leiter>0</ist_leiter>
  </projekt_mitarbeiter>
  <projekt_mitarbeiter id="365">
    <id_projekt>294</id_projekt>
    <id_mitarbeiter>2</id_mitarbeiter>
    <ist_leiter>0</ist_leiter>
  </projekt_mitarbeiter>
  <projekt_mitarbeiter id="366">
    <id_projekt>294</id_projekt>
    <id_mitarbeiter>129</id_mitarbeiter>
    <ist_leiter>0</ist_leiter>
  </projekt_mitarbeiter>
  <projekt_mitarbeiter id="367">
    <id_projekt>294</id_projekt>
    <id_mitarbeiter>136</id_mitarbeiter>
    <ist_leiter>0</ist_leiter>
  </projekt_mitarbeiter>
  <projekt_mitarbeiter id="368">
    <id_projekt>319</id_projekt>
    <id_mitarbeiter>101</id_mitarbeiter>
    <ist_leiter>1</ist_leiter>
  </projekt_mitarbeiter>
  <projekt_mitarbeiter id="369">
    <id_projekt>262</id_projekt>
    <id_mitarbeiter>103</id_mitarbeiter>
    <ist_leiter>1</ist_leiter>
  </projekt_mitarbeiter>
  <projekt_mitarbeiter id="370">
    <id_projekt>291</id_projekt>
    <id_mitarbeiter>128</id_mitarbeiter>
    <ist_leiter>1</ist_leiter>
  </projekt_mitarbeiter>
  <projekt_mitarbeiter id="371">
    <id_projekt>205</id_projekt>
    <id_mitarbeiter>52</id_mitarbeiter>
    <ist_leiter>1</ist_leiter>
  </projekt_mitarbeiter>
  <projekt_mitarbeiter id="372">
    <id_projekt>197</id_projekt>
    <id_mitarbeiter>61</id_mitarbeiter>
    <ist_leiter>1</ist_leiter>
  </projekt_mitarbeiter>
  <projekt_mitarbeiter id="373">
    <id_projekt>25</id_projekt>
    <id_mitarbeiter>114</id_mitarbeiter>
    <ist_leiter>1</ist_leiter>
  </projekt_mitarbeiter>
  <projekt_mitarbeiter id="374">
    <id_projekt>114</id_projekt>
    <id_mitarbeiter>73</id_mitarbeiter>
    <ist_leiter>1</ist_leiter>
  </projekt_mitarbeiter>
  <projekt_mitarbeiter id="375">
    <id_projekt>116</id_projekt>
    <id_mitarbeiter>128</id_mitarbeiter>
    <ist_leiter>1</ist_leiter>
  </projekt_mitarbeiter>
  <projekt_mitarbeiter id="376">
    <id_projekt>322</id_projekt>
    <id_mitarbeiter>103</id_mitarbeiter>
    <ist_leiter>1</ist_leiter>
  </projekt_mitarbeiter>
  <projekt_mitarbeiter id="377">
    <id_projekt>321</id_projekt>
    <id_mitarbeiter>114</id_mitarbeiter>
    <ist_leiter>1</ist_leiter>
  </projekt_mitarbeiter>
  <projekt_mitarbeiter id="378">
    <id_projekt>321</id_projekt>
    <id_mitarbeiter>124</id_mitarbeiter>
    <ist_leiter>1</ist_leiter>
  </projekt_mitarbeiter>
  <projekt_mitarbeiter id="379">
    <id_projekt>304</id_projekt>
    <id_mitarbeiter>124</id_mitarbeiter>
    <ist_leiter>1</ist_leiter>
  </projekt_mitarbeiter>
  <projekt_mitarbeiter id="380">
    <id_projekt>323</id_projekt>
    <id_mitarbeiter>40</id_mitarbeiter>
    <ist_leiter>1</ist_leiter>
  </projekt_mitarbeiter>
  <projekt_mitarbeiter id="383">
    <id_projekt>326</id_projekt>
    <id_mitarbeiter>52</id_mitarbeiter>
    <ist_leiter>1</ist_leiter>
  </projekt_mitarbeiter>
  <projekt_mitarbeiter id="382">
    <id_projekt>325</id_projekt>
    <id_mitarbeiter>29</id_mitarbeiter>
    <ist_leiter>1</ist_leiter>
  </projekt_mitarbeiter>
  <projekt_mitarbeiter id="384">
    <id_projekt>326</id_projekt>
    <id_mitarbeiter>58</id_mitarbeiter>
    <ist_leiter>0</ist_leiter>
  </projekt_mitarbeiter>
  <projekt_mitarbeiter id="385">
    <id_projekt>327</id_projekt>
    <id_mitarbeiter>52</id_mitarbeiter>
    <ist_leiter>1</ist_leiter>
  </projekt_mitarbeiter>
  <projekt_mitarbeiter id="386">
    <id_projekt>327</id_projekt>
    <id_mitarbeiter>58</id_mitarbeiter>
    <ist_leiter>0</ist_leiter>
  </projekt_mitarbeiter>
  <projekt_mitarbeiter id="387">
    <id_projekt>328</id_projekt>
    <id_mitarbeiter>52</id_mitarbeiter>
    <ist_leiter>1</ist_leiter>
  </projekt_mitarbeiter>
  <projekt_mitarbeiter id="388">
    <id_projekt>267</id_projekt>
    <id_mitarbeiter>30</id_mitarbeiter>
    <ist_leiter>1</ist_leiter>
  </projekt_mitarbeiter>
  <projekt_mitarbeiter id="389">
    <id_projekt>267</id_projekt>
    <id_mitarbeiter>34</id_mitarbeiter>
    <ist_leiter>1</ist_leiter>
  </projekt_mitarbeiter>
  <projekt_mitarbeiter id="390">
    <id_projekt>266</id_projekt>
    <id_mitarbeiter>34</id_mitarbeiter>
    <ist_leiter>1</ist_leiter>
  </projekt_mitarbeiter>
  <projekt_mitarbeiter id="391">
    <id_projekt>266</id_projekt>
    <id_mitarbeiter>30</id_mitarbeiter>
    <ist_leiter>1</ist_leiter>
  </projekt_mitarbeiter>
  <projekt_mitarbeiter id="392">
    <id_projekt>320</id_projekt>
    <id_mitarbeiter>27</id_mitarbeiter>
    <ist_leiter>1</ist_leiter>
  </projekt_mitarbeiter>
  <projekt_mitarbeiter id="393">
    <id_projekt>54</id_projekt>
    <id_mitarbeiter>55</id_mitarbeiter>
    <ist_leiter>1</ist_leiter>
  </projekt_mitarbeiter>
</fdb_projekte_mitarbeiter>
